H3.2,ARTKQTARKSTGGKAPRKQLATKAARKSAPATGGVKKPHRYRPGTVALRE,K4unR8unK9me2K14unR17unK18unK23unR26unK27me3K36un,1136922.881130911
H3.2,ARTKQTARKSTGGKAPRKQLATKAARKSAPATGGVKKPHRYRPGTVALRE,K4unR8unK9me2K14unR17unK18unK23unR26me1K27me1K36me1,121187.758048755
H3.2,ARTKQTARKSTGGKAPRKQLATKAARKSAPATGGVKKPHRYRPGTVALRE,K4unR8unK9me2K14unR17me1K18unK23unR26unK27me1K36me1,80234.36065875199
H3.2,ARTKQTARKSTGGKAPRKQLATKAARKSAPATGGVKKPHRYRPGTVALRE,K4unR8unK9me2K14unR17unK18unK23me1R26unK27me1K36me1,18418.846800037
H3.2,ARTKQTARKSTGGKAPRKQLATKAARKSAPATGGVKKPHRYRPGTVALRE,K4unR8unK9me3K14unR17unK18unK23unR26unK27me2K36un,391437.037352916
H3.2,ARTKQTARKSTGGKAPRKQLATKAARKSAPATGGVKKPHRYRPGTVALRE,K4unR8unK9me3K14unR17unK18unK23unR26unK27me1K36me1,32434.644306244
H3.2,ARTKQTARKSTGGKAPRKQLATKAARKSAPATGGVKKPHRYRPGTVALRE,K4unR8unK9me1K14me1R17unK18unK23unR26unK27me3K36un,54680.18362127199
H3.2,ARTKQTARKSTGGKAPRKQLATKAARKSAPATGGVKKPHRYRPGTVALRE,K4unR8unK9me1K14me1R17unK18me1K23unR26unK27me2K36un,73561.28188410599
H3.2,ARTKQTARKSTGGKAPRKQLATKAARKSAPATGGVKKPHRYRPGTVALRE,K4unR8unK9me1K14me1R17me1K18unK23unR26unK27me2K36un,44768.013064975
H3.2,ARTKQTARKSTGGKAPRKQLATKAARKSAPATGGVKKPHRYRPGTVALRE,K4unR8unK9unK14me3R17unK18unK23unR26unK27me2K36un,11612.922785182
H3.2,ARTKQTARKSTGGKAPRKQLATKAARKSAPATGGVKKPHRYRPGTVALRE,K4unR8unK9me2K14unR17unK18unK23unR26unK27unK36me3,9937.990007372
H3.2,ARTKQTARKSTGGKAPRKQLATKAARKSAPATGGVKKPHRYRPGTVALRE,K4unR8unK9me2K14unR17unK18unK23unR26unK27me1K36me3,285787.175095523
H3.2,ARTKQTARKSTGGKAPRKQLATKAARKSAPATGGVKKPHRYRPGTVALRE,K4unR8unK9me1K14me1R17unK18unK23unR26unK27me2K36me2,1221424.11430121
H3.2,ARTKQTARKSTGGKAPRKQLATKAARKSAPATGGVKKPHRYRPGTVALRE,K4unR8unK9me2K14unR17unK18unK23unR26me1K27unK36me3,75143.764369357
H3.2,ARTKQTARKSTGGKAPRKQLATKAARKSAPATGGVKKPHRYRPGTVALRE,K4unR8unK9me2K14unR17unK18unK23unR26me1K27me3K36un,307425.124424767
H3.2,ARTKQTARKSTGGKAPRKQLATKAARKSAPATGGVKKPHRYRPGTVALRE,K4unR8unK9me2K14unR17unK18unK23unR26unK27acK36me1,900776.5158266571
H3.2,ARTKQTARKSTGGKAPRKQLATKAARKSAPATGGVKKPHRYRPGTVALRE,K4unR8unK9me1K14me1R17unK18unK23unR26me2K27unK36me2,3610.1422801669996
H3.2,ARTKQTARKSTGGKAPRKQLATKAARKSAPATGGVKKPHRYRPGTVALRE,K4unR8unK9me1K14unR17me1K18unK23unR26unK27me2K36me2,8304.70150549
H3.2,ARTKQTARKSTGGKAPRKQLATKAARKSAPATGGVKKPHRYRPGTVALRE,K4unR8unK9me2K14unR17unK18unK23me1R26unK27me3K36un,63012.370348875
H3.2,ARTKQTARKSTGGKAPRKQLATKAARKSAPATGGVKKPHRYRPGTVALRE,K4unR8unK9me2K14unR17unK18unK23acR26unK27unK36me1,16976.705524662
H3.2,ARTKQTARKSTGGKAPRKQLATKAARKSAPATGGVKKPHRYRPGTVALRE,K4unR8unK9me3K14unR17unK18unK23unR26unK27acK36me1,6434.873516339
H3.2,ARTKQTARKSTGGKAPRKQLATKAARKSAPATGGVKKPHRYRPGTVALRE,K4unR8unK9me3K14unR17unK18unK23unR26unK27me2K36me2,808009.726770239
H3.2,ARTKQTARKSTGGKAPRKQLATKAARKSAPATGGVKKPHRYRPGTVALRE,K4unR8unK9unK14acR17unK18unK23unR26unK27me2K36me2,42311.417228003
H3.2,ARTKQTARKSTGGKAPRKQLATKAARKSAPATGGVKKPHRYRPGTVALRE,K4unR8unK9unK14acR17unK18unK23unR26me2K27unK36me2,16065.528767366
H3.2,ARTKQTARKSTGGKAPRKQLATKAARKSAPATGGVKKPHRYRPGTVALRE,K4unR8unK9me2K14acR17unK18unK23unR26unK27me3K36un,22568.282453467004
H3.2,ARTKQTARKSTGGKAPRKQLATKAARKSAPATGGVKKPHRYRPGTVALRE,K4unR8unK9me1K14acR17unK18unK23unR26unK27me2K36me2,107804.53709388901
H3.2,ARTKQTARKSTGGKAPRKQLATKAARKSAPATGGVKKPHRYRPGTVALRE,K4unR8unK9acK14me1R17unK18unK23unR26unK27me2K36me2,38711.269574059
H3.2,ARTKQTARKSTGGKAPRKQLATKAARKSAPATGGVKKPHRYRPGTVALRE,K4unR8unK9me2K14acR17unK18unK23unR26unK27unK36me3,28868.644958560002
H3.2,ARTKQTARKSTGGKAPRKQLATKAARKSAPATGGVKKPHRYRPGTVALRE,K4unR8unK9me1K14acR17unK18me1K23unR26unK27me3K36un,46699.05813974
H3.2,ARTKQTARKSTGGKAPRKQLATKAARKSAPATGGVKKPHRYRPGTVALRE,K4unR8unK9me3K14unR17unK18unK23me1R26unK27me2K36me2,3005.4673936970003
H3.2,ARTKQTARKSTGGKAPRKQLATKAARKSAPATGGVKKPHRYRPGTVALRE,K4unR8unK9me3K14unR17unK18unK23unR26me1K27me2K36me2,10117.47683662
H3.2,ARTKQTARKSTGGKAPRKQLATKAARKSAPATGGVKKPHRYRPGTVALRE,K4unR8unK9me1K14acR17unK18me1K23unR26unK27me2K36me2,153345.46792008102
H3.2,ARTKQTARKSTGGKAPRKQLATKAARKSAPATGGVKKPHRYRPGTVALRE,K4unR8unK9me1K14me1R17unK18acK23unR26unK27me2K36me2,78593.15974444401
H3.2,ARTKQTARKSTGGKAPRKQLATKAARKSAPATGGVKKPHRYRPGTVALRE,K4unR8unK9acK14unR17me2K18unK23unR26unK27me2K36me2,80747.001695421
H3.2,ARTKQTARKSTGGKAPRKQLATKAARKSAPATGGVKKPHRYRPGTVALRE,K4me1R8unK9me1K14acR17unK18unK23unR26unK27me2K36me2,220240.75055645
H3.2,ARTKQTARKSTGGKAPRKQLATKAARKSAPATGGVKKPHRYRPGTVALRE,K4unR8unK9me3K14acR17unK18unK23unR26unK27me2K36me2,2642233.525774308
H3.2,ARTKQTARKSTGGKAPRKQLATKAARKSAPATGGVKKPHRYRPGTVALRE,K4unR8unK9acK14me3R17unK18unK23unR26unK27me2K36me2,91803.55695421
H3.2,ARTKQTARKSTGGKAPRKQLATKAARKSAPATGGVKKPHRYRPGTVALRE,K4unR8unK9me3K14unR17unK18acK23unR26unK27me2K36me2,33198.816769516
H3.2,ARTKQTARKSTGGKAPRKQLATKAARKSAPATGGVKKPHRYRPGTVALRE,K4me1R8unK9me1K14acR17unK18me1K23unR26unK27me2K36me2,155100.357707672
H3.2,ARTKQTARKSTGGKAPRKQLATKAARKSAPATGGVKKPHRYRPGTVALRE,K4unR8unK9me1K14me1R17unK18acK23acR26unK27me2K36me2,100868.68293814
H3.2,ARTKQTARKSTGGKAPRKQLATKAARKSAPATGGVKKPHRYRPGTVALRE,K4unR8unK9me2K14unR17unK18acK23acR26unK27acK36me1,7382.280793693
H3.2,ARTKQTARKSTGGKAPRKQLATKAARKSAPATGGVKKPHRYRPGTVALRE,K4unR8unK9me2K14unR17unK18unK23unR26unK27me1K36me1,26236.310277173998
H3.2,ARTKQTARKSTGGKAPRKQLATKAARKSAPATGGVKKPHRYRPGTVALRE,K4unR8unK9me2K14unR17unK18unK23unR26unK27unK36me1,16054.284812864998
H3.2,ARTKQTARKSTGGKAPRKQLATKAARKSAPATGGVKKPHRYRPGTVALRE,K4unR8me1K9me1K14unR17unK18unK23unR26unK27me3K36un,14386.431561963
H3.2,ARTKQTARKSTGGKAPRKQLATKAARKSAPATGGVKKPHRYRPGTVALRE,K4unR8unK9me3K14unR17unK18unK23unR26unK27unK36me2,7774.153430171999
H3.2,ARTKQTARKSTGGKAPRKQLATKAARKSAPATGGVKKPHRYRPGTVALRE,K4unR8unK9me1K14me1R17unK18unK23unR26me1K27me2K36un,6232.898778090001
H3.2,ARTKQTARKSTGGKAPRKQLATKAARKSAPATGGVKKPHRYRPGTVALRE,K4unR8unK9me1K14me1R17unK18unK23unR26unK27acK36un,18624.569523119
H3.2,ARTKQTARKSTGGKAPRKQLATKAARKSAPATGGVKKPHRYRPGTVALRE,K4unR8me1K9me1K14unR17me1K18unK23unR26unK27me2K36un,16825.120360286
H3.2,ARTKQTARKSTGGKAPRKQLATKAARKSAPATGGVKKPHRYRPGTVALRE,K4unR8me1K9me1K14me1R17unK18unK23unR26unK27me2K36un,6726.383447832
H3.2,ARTKQTARKSTGGKAPRKQLATKAARKSAPATGGVKKPHRYRPGTVALRE,K4unR8unK9unK14me2R17unK18unK23unR26unK27me3K36un,15392.140825616001
H3.2,ARTKQTARKSTGGKAPRKQLATKAARKSAPATGGVKKPHRYRPGTVALRE,K4unR8me1K9unK14unR17me1K18unK23unR26unK27me2K36me1,5524.113201801
H3.2,ARTKQTARKSTGGKAPRKQLATKAARKSAPATGGVKKPHRYRPGTVALRE,K4unR8unK9unK14unR17unK18unK23unR26unK27acK36me2,48962.840979166
H3.2,ARTKQTARKSTGGKAPRKQLATKAARKSAPATGGVKKPHRYRPGTVALRE,K4unR8me1K9me1K14unR17unK18unK23unR26unK27me2K36me2,51248.695284835
H3.2,ARTKQTARKSTGGKAPRKQLATKAARKSAPATGGVKKPHRYRPGTVALRE,K4unR8unK9unK14unR17unK18acK23unR26unK27me2K36me2,6188.755845607
H3.2,ARTKQTARKSTGGKAPRKQLATKAARKSAPATGGVKKPHRYRPGTVALRE,K4unR8unK9me1K14me1R17me1K18unK23unR26unK27me2K36me2,13442.355826682999
H3.2,ARTKQTARKSTGGKAPRKQLATKAARKSAPATGGVKKPHRYRPGTVALRE,K4unR8unK9unK14acR17unK18unK23unR26unK27me3K36me1,13263.701882954
H3.2,ARTKQTARKSTGGKAPRKQLATKAARKSAPATGGVKKPHRYRPGTVALRE,K4unR8unK9unK14acR17unK18unK23unR26me1K27me2K36me2,33880.117123693
H3.2,ARTKQTARKSTGGKAPRKQLATKAARKSAPATGGVKKPHRYRPGTVALRE,K4unR8unK9unK14acR17unK18me1K23me1R26unK27me1K36me2,31761.672807253
H3.2,ARTKQTARKSTGGKAPRKQLATKAARKSAPATGGVKKPHRYRPGTVALRE,K4unR8unK9me3K14unR17unK18unK23unR26unK27acK36me2,6995.405470325
H3.2,ARTKQTARKSTGGKAPRKQLATKAARKSAPATGGVKKPHRYRPGTVALRE,K4me1R8unK9me1K14unR17unK18acK23acR26unK27me3K36me2,35353.491606013005
H3.2,ARTKQTARKSTGGKAPRKQLATKAARKSAPATGGVKKPHRYRPGTVALRE,K4unR8unK9me3K14acR17unK18acK23unR26unK27me2K36me2,73360.140031376
