H3.2,ARTKQTARKSTGGKAPRKQLATKAARKSAPATGGVKKPHRYRPGTVALRE,K4unR8unK9unK14unR17unK18unK23unR26unK27me2K36un,85004.61880912901
H3.2,ARTKQTARKSTGGKAPRKQLATKAARKSAPATGGVKKPHRYRPGTVALRE,K4unR8unK9unK14unR17unK18me2K23unR26unK27unK36un,3394.6298638579997
H3.2,ARTKQTARKSTGGKAPRKQLATKAARKSAPATGGVKKPHRYRPGTVALRE,K4unR8unK9unK14unR17unK18unK23unR26unK27me1K36me1,1749.419262894
H3.2,ARTKQTARKSTGGKAPRKQLATKAARKSAPATGGVKKPHRYRPGTVALRE,K4unR8unK9unK14unR17unK18unK23unR26unK27unK36me2,21686.738188762
H3.2,ARTKQTARKSTGGKAPRKQLATKAARKSAPATGGVKKPHRYRPGTVALRE,K4unR8unK9unK14unR17unK18unK23unR26me1K27me2K36un,148216.001665158
H3.2,ARTKQTARKSTGGKAPRKQLATKAARKSAPATGGVKKPHRYRPGTVALRE,K4unR8unK9unK14unR17unK18unK23unR26unK27me3K36un,1022760.381719816
H3.2,ARTKQTARKSTGGKAPRKQLATKAARKSAPATGGVKKPHRYRPGTVALRE,K4unR8unK9unK14unR17unK18me2K23unR26unK27me1K36un,7912.554980015
H3.2,ARTKQTARKSTGGKAPRKQLATKAARKSAPATGGVKKPHRYRPGTVALRE,K4unR8unK9unK14unR17unK18unK23me2R26unK27me1K36un,68426.285152505
H3.2,ARTKQTARKSTGGKAPRKQLATKAARKSAPATGGVKKPHRYRPGTVALRE,K4unR8unK9unK14unR17unK18unK23unR26unK27acK36un,38313.79702518
H3.2,ARTKQTARKSTGGKAPRKQLATKAARKSAPATGGVKKPHRYRPGTVALRE,K4unR8unK9unK14unR17me2K18unK23unR26unK27unK36me1,10782.544373296
H3.2,ARTKQTARKSTGGKAPRKQLATKAARKSAPATGGVKKPHRYRPGTVALRE,K4unR8unK9unK14unR17unK18me2K23unR26unK27unK36me1,10462.615060778
H3.2,ARTKQTARKSTGGKAPRKQLATKAARKSAPATGGVKKPHRYRPGTVALRE,K4unR8unK9unK14unR17unK18unK23me2R26unK27unK36me1,7671.545198081
H3.2,ARTKQTARKSTGGKAPRKQLATKAARKSAPATGGVKKPHRYRPGTVALRE,K4unR8unK9me2K14unR17unK18unK23unR26unK27me1K36un,184398.09932557
H3.2,ARTKQTARKSTGGKAPRKQLATKAARKSAPATGGVKKPHRYRPGTVALRE,K4unR8unK9unK14unR17unK18unK23unR26unK27me2K36me1,46141.764221035
H3.2,ARTKQTARKSTGGKAPRKQLATKAARKSAPATGGVKKPHRYRPGTVALRE,K4unR8unK9me1K14me1R17unK18me1K23unR26unK27unK36un,19098.744410979
H3.2,ARTKQTARKSTGGKAPRKQLATKAARKSAPATGGVKKPHRYRPGTVALRE,K4unR8unK9unK14me2R17unK18unK23unR26unK27me1K36un,111474.817993195
H3.2,ARTKQTARKSTGGKAPRKQLATKAARKSAPATGGVKKPHRYRPGTVALRE,K4unR8unK9unK14unR17unK18unK23unR26unK27unK36me3,6643.302198088
H3.2,ARTKQTARKSTGGKAPRKQLATKAARKSAPATGGVKKPHRYRPGTVALRE,K4unR8unK9unK14me2R17unK18unK23unR26me1K27unK36un,6815.3118932
H3.2,ARTKQTARKSTGGKAPRKQLATKAARKSAPATGGVKKPHRYRPGTVALRE,K4unR8unK9unK14unR17unK18unK23me3R26unK27unK36un,10523.003762357
H3.2,ARTKQTARKSTGGKAPRKQLATKAARKSAPATGGVKKPHRYRPGTVALRE,K4unR8unK9unK14unR17unK18unK23unR26me2K27me1K36un,100059.064292329
H3.2,ARTKQTARKSTGGKAPRKQLATKAARKSAPATGGVKKPHRYRPGTVALRE,K4unR8unK9unK14unR17me2K18unK23unR26unK27me1K36un,9434.917085168
H3.2,ARTKQTARKSTGGKAPRKQLATKAARKSAPATGGVKKPHRYRPGTVALRE,K4unR8unK9unK14unR17me2K18unK23unR26unK27me2K36un,612469.7327521989
H3.2,ARTKQTARKSTGGKAPRKQLATKAARKSAPATGGVKKPHRYRPGTVALRE,K4unR8unK9me2K14unR17unK18unK23unR26unK27me1K36me1,410385.265200416
H3.2,ARTKQTARKSTGGKAPRKQLATKAARKSAPATGGVKKPHRYRPGTVALRE,K4unR8unK9me2K14unR17unK18unK23unR26me1K27me1K36un,479064.332661518
H3.2,ARTKQTARKSTGGKAPRKQLATKAARKSAPATGGVKKPHRYRPGTVALRE,K4unR8unK9me1K14me1R17unK18unK23unR26unK27me2K36un,503410.68083192303
H3.2,ARTKQTARKSTGGKAPRKQLATKAARKSAPATGGVKKPHRYRPGTVALRE,K4unR8unK9me2K14unR17unK18unK23me1R26unK27me1K36un,77203.46681289299
H3.2,ARTKQTARKSTGGKAPRKQLATKAARKSAPATGGVKKPHRYRPGTVALRE,K4unR8me1K9me1K14unR17unK18unK23unR26unK27me2K36un,278459.279293548
H3.2,ARTKQTARKSTGGKAPRKQLATKAARKSAPATGGVKKPHRYRPGTVALRE,K4unR8unK9unK14unR17unK18unK23unR26me2K27me2K36un,11944.645361627001
H3.2,ARTKQTARKSTGGKAPRKQLATKAARKSAPATGGVKKPHRYRPGTVALRE,K4unR8unK9unK14me1R17me1K18unK23unR26unK27me2K36un,48724.307754992995
H3.2,ARTKQTARKSTGGKAPRKQLATKAARKSAPATGGVKKPHRYRPGTVALRE,K4unR8unK9unK14me2R17unK18unK23unR26me1K27me1K36un,113802.94414541
H3.2,ARTKQTARKSTGGKAPRKQLATKAARKSAPATGGVKKPHRYRPGTVALRE,K4unR8unK9unK14unR17unK18unK23acR26unK27me2K36un,2283.870172357
H3.2,ARTKQTARKSTGGKAPRKQLATKAARKSAPATGGVKKPHRYRPGTVALRE,K4unR8unK9me2K14unR17unK18unK23unR26unK27me3K36un,1481700.452092275
H3.2,ARTKQTARKSTGGKAPRKQLATKAARKSAPATGGVKKPHRYRPGTVALRE,K4unR8unK9me1K14me1R17unK18unK23unR26unK27me3K36un,24099.12511051
H3.2,ARTKQTARKSTGGKAPRKQLATKAARKSAPATGGVKKPHRYRPGTVALRE,K4unR8unK9me2K14unR17unK18unK23me1R26unK27me1K36me1,27910.371612339
H3.2,ARTKQTARKSTGGKAPRKQLATKAARKSAPATGGVKKPHRYRPGTVALRE,K4unR8unK9me2K14unR17unK18unK23unR26me1K27me1K36me1,348029.025600503
H3.2,ARTKQTARKSTGGKAPRKQLATKAARKSAPATGGVKKPHRYRPGTVALRE,K4unR8unK9me2K14unR17me1K18unK23unR26unK27me1K36me1,51837.596032614
H3.2,ARTKQTARKSTGGKAPRKQLATKAARKSAPATGGVKKPHRYRPGTVALRE,K4unR8unK9me3K14unR17unK18unK23unR26unK27me2K36un,148598.608781661
H3.2,ARTKQTARKSTGGKAPRKQLATKAARKSAPATGGVKKPHRYRPGTVALRE,K4unR8unK9me2K14unR17unK18unK23unR26unK27unK36me3,82777.649182302
H3.2,ARTKQTARKSTGGKAPRKQLATKAARKSAPATGGVKKPHRYRPGTVALRE,K4unR8me1K9me1K14unR17unK18unK23unR26unK27me3K36un,9898.950844414001
H3.2,ARTKQTARKSTGGKAPRKQLATKAARKSAPATGGVKKPHRYRPGTVALRE,K4unR8me1K9me1K14me1R17unK18unK23unR26unK27me2K36un,3489.3551015340004
H3.2,ARTKQTARKSTGGKAPRKQLATKAARKSAPATGGVKKPHRYRPGTVALRE,K4unR8me1K9me1K14unR17me1K18unK23unR26unK27me2K36un,4499.067272523001
H3.2,ARTKQTARKSTGGKAPRKQLATKAARKSAPATGGVKKPHRYRPGTVALRE,K4unR8unK9me2K14unR17unK18unK23unR26unK27acK36un,17867.425326073
H3.2,ARTKQTARKSTGGKAPRKQLATKAARKSAPATGGVKKPHRYRPGTVALRE,K4unR8unK9me1K14me1R17unK18me1K23unR26unK27me2K36un,30482.232668401
H3.2,ARTKQTARKSTGGKAPRKQLATKAARKSAPATGGVKKPHRYRPGTVALRE,K4unR8unK9unK14me2R17unK18unK23unR26me1K27me1K36me1,2251.1687094080003
H3.2,ARTKQTARKSTGGKAPRKQLATKAARKSAPATGGVKKPHRYRPGTVALRE,K4unR8unK9acK14unR17unK18unK23unR26unK27me2K36un,20193.262375882
H3.2,ARTKQTARKSTGGKAPRKQLATKAARKSAPATGGVKKPHRYRPGTVALRE,K4unR8unK9unK14acR17unK18unK23unR26unK27me3K36un,26436.952696734003
H3.2,ARTKQTARKSTGGKAPRKQLATKAARKSAPATGGVKKPHRYRPGTVALRE,K4unR8unK9unK14unR17unK18unK23acR26unK27me3K36un,23855.390206663
H3.2,ARTKQTARKSTGGKAPRKQLATKAARKSAPATGGVKKPHRYRPGTVALRE,K4unR8unK9unK14unR17unK18unK23acR26unK27me2K36me1,2608.595699441
H3.2,ARTKQTARKSTGGKAPRKQLATKAARKSAPATGGVKKPHRYRPGTVALRE,K4unR8unK9unK14unR17unK18unK23acR26unK27acK36un,11529.663796804
H3.2,ARTKQTARKSTGGKAPRKQLATKAARKSAPATGGVKKPHRYRPGTVALRE,K4unR8unK9unK14acR17unK18unK23unR26me1K27me2K36un,11122.857597717999
H3.2,ARTKQTARKSTGGKAPRKQLATKAARKSAPATGGVKKPHRYRPGTVALRE,K4unR8unK9unK14acR17unK18me1K23unR26unK27me2K36un,6024.37250934
H3.2,ARTKQTARKSTGGKAPRKQLATKAARKSAPATGGVKKPHRYRPGTVALRE,K4unR8unK9me1K14acR17unK18unK23unR26unK27me2K36un,4433.010317366
H3.2,ARTKQTARKSTGGKAPRKQLATKAARKSAPATGGVKKPHRYRPGTVALRE,K4unR8unK9unK14unR17unK18acK23unR26unK27me3K36un,8000.194900719
H3.2,ARTKQTARKSTGGKAPRKQLATKAARKSAPATGGVKKPHRYRPGTVALRE,K4unR8unK9unK14acR17unK18unK23me1R26unK27me2K36un,1999.1494349480001
H3.2,ARTKQTARKSTGGKAPRKQLATKAARKSAPATGGVKKPHRYRPGTVALRE,K4unR8unK9unK14acR17unK18unK23unR26unK27me2K36me1,724.9914335792683
H3.2,ARTKQTARKSTGGKAPRKQLATKAARKSAPATGGVKKPHRYRPGTVALRE,K4unR8unK9unK14unR17unK18acK23unR26unK27me2K36me1,1836.841173845
H3.2,ARTKQTARKSTGGKAPRKQLATKAARKSAPATGGVKKPHRYRPGTVALRE,K4unR8unK9unK14unR17unK18unK23acR26me1K27me2K36un,1151.309505557
H3.2,ARTKQTARKSTGGKAPRKQLATKAARKSAPATGGVKKPHRYRPGTVALRE,K4unR8me1K9me1K14unR17unK18unK23unR26unK27me2K36me2,59008.04581344101
H3.2,ARTKQTARKSTGGKAPRKQLATKAARKSAPATGGVKKPHRYRPGTVALRE,K4unR8unK9me1K14me1R17unK18unK23unR26unK27me2K36me2,132198.49809811
H3.2,ARTKQTARKSTGGKAPRKQLATKAARKSAPATGGVKKPHRYRPGTVALRE,K4unR8unK9me2K14unR17unK18unK23unR26unK27me1K36me3,57104.057635674006
H3.2,ARTKQTARKSTGGKAPRKQLATKAARKSAPATGGVKKPHRYRPGTVALRE,K4unR8unK9me2K14unR17unK18unK23unR26unK27acK36me1,104277.77102250299
H3.2,ARTKQTARKSTGGKAPRKQLATKAARKSAPATGGVKKPHRYRPGTVALRE,K4unR8unK9me2K14unR17unK18unK23unR26me1K27unK36me3,6893.686399401
H3.2,ARTKQTARKSTGGKAPRKQLATKAARKSAPATGGVKKPHRYRPGTVALRE,K4unR8unK9unK14unR17unK18unK23acR26me2K27me2K36un,23530.555674703002
H3.2,ARTKQTARKSTGGKAPRKQLATKAARKSAPATGGVKKPHRYRPGTVALRE,K4unR8unK9unK14unR17unK18unK23acR26me2K27unK36me2,11384.687311063
H3.2,ARTKQTARKSTGGKAPRKQLATKAARKSAPATGGVKKPHRYRPGTVALRE,K4unR8unK9unK14unR17unK18unK23acR26unK27me2K36me2,30079.677659499
H3.2,ARTKQTARKSTGGKAPRKQLATKAARKSAPATGGVKKPHRYRPGTVALRE,K4unR8unK9unK14unR17unK18me2K23acR26unK27me2K36un,4962.447002510001
H3.2,ARTKQTARKSTGGKAPRKQLATKAARKSAPATGGVKKPHRYRPGTVALRE,K4unR8unK9unK14unR17unK18acK23unR26me2K27me2K36un,5803.419624682
H3.2,ARTKQTARKSTGGKAPRKQLATKAARKSAPATGGVKKPHRYRPGTVALRE,K4unR8unK9unK14acR17unK18unK23unR26me2K27me2K36un,1178.233710052
H3.2,ARTKQTARKSTGGKAPRKQLATKAARKSAPATGGVKKPHRYRPGTVALRE,K4unR8unK9unK14unR17me2K18unK23acR26unK27me2K36un,2964.060601697
H3.2,ARTKQTARKSTGGKAPRKQLATKAARKSAPATGGVKKPHRYRPGTVALRE,K4unR8unK9me1K14me1R17unK18unK23acR26unK27me2K36un,6475.870707789
H3.2,ARTKQTARKSTGGKAPRKQLATKAARKSAPATGGVKKPHRYRPGTVALRE,K4unR8unK9me2K14acR17unK18unK23unR26unK27me1K36me1,208197.57003059098
H3.2,ARTKQTARKSTGGKAPRKQLATKAARKSAPATGGVKKPHRYRPGTVALRE,K4unR8unK9unK14unR17unK18unK23acR26me1K27me3K36un,2221.737392754
H3.2,ARTKQTARKSTGGKAPRKQLATKAARKSAPATGGVKKPHRYRPGTVALRE,K4unR8unK9unK14unR17me2K18unK23me1R26me2K27me2K36un,2539.4866077419997
H3.2,ARTKQTARKSTGGKAPRKQLATKAARKSAPATGGVKKPHRYRPGTVALRE,K4unR8unK9unK14unR17unK18unK23acR26unK27acK36me1,20667.869608147997
H3.2,ARTKQTARKSTGGKAPRKQLATKAARKSAPATGGVKKPHRYRPGTVALRE,K4unR8unK9unK14me2R17unK18unK23me1R26unK27acK36me1,3402.3692100900003
H3.2,ARTKQTARKSTGGKAPRKQLATKAARKSAPATGGVKKPHRYRPGTVALRE,K4unR8unK9unK14acR17unK18unK23me2R26unK27me2K36un,52089.942321704
H3.2,ARTKQTARKSTGGKAPRKQLATKAARKSAPATGGVKKPHRYRPGTVALRE,K4unR8unK9unK14unR17me2K18unK23acR26unK27unK36me2,2329.21620098
H3.2,ARTKQTARKSTGGKAPRKQLATKAARKSAPATGGVKKPHRYRPGTVALRE,K4unR8unK9me2K14unR17unK18unK23acR26unK27me1K36me1,7996.161720288
H3.2,ARTKQTARKSTGGKAPRKQLATKAARKSAPATGGVKKPHRYRPGTVALRE,K4unR8unK9me1K14acR17unK18unK23unR26unK27unK36me3,4201.3749548099995
H3.2,ARTKQTARKSTGGKAPRKQLATKAARKSAPATGGVKKPHRYRPGTVALRE,K4unR8unK9unK14acR17me2K18unK23unR26unK27me2K36un,124714.986311985
H3.2,ARTKQTARKSTGGKAPRKQLATKAARKSAPATGGVKKPHRYRPGTVALRE,K4unR8unK9unK14unR17unK18unK23acR26unK27me1K36me3,7234.1086287
H3.2,ARTKQTARKSTGGKAPRKQLATKAARKSAPATGGVKKPHRYRPGTVALRE,K4unR8unK9me1K14me1R17unK18unK23me3R26unK27me2K36un,10872.473396406001
H3.2,ARTKQTARKSTGGKAPRKQLATKAARKSAPATGGVKKPHRYRPGTVALRE,K4unR8unK9unK14acR17me2K18unK23unR26unK27unK36me2,2749.9750242570003
H3.2,ARTKQTARKSTGGKAPRKQLATKAARKSAPATGGVKKPHRYRPGTVALRE,K4unR8unK9acK14me1R17unK18me1K23unR26unK27me2K36un,8524.072337162
H3.2,ARTKQTARKSTGGKAPRKQLATKAARKSAPATGGVKKPHRYRPGTVALRE,K4unR8unK9unK14unR17unK18acK23unR26unK27me3K36me1,3141.193526004
H3.2,ARTKQTARKSTGGKAPRKQLATKAARKSAPATGGVKKPHRYRPGTVALRE,K4unR8unK9me3K14unR17unK18unK23unR26unK27me2K36me2,191118.467971342
H3.2,ARTKQTARKSTGGKAPRKQLATKAARKSAPATGGVKKPHRYRPGTVALRE,K4unR8me1K9me1K14me1R17unK18unK23unR26unK27me2K36me2,10313.060370225
H3.2,ARTKQTARKSTGGKAPRKQLATKAARKSAPATGGVKKPHRYRPGTVALRE,K4me1R8unK9me1K14me1R17unK18unK23unR26unK27me2K36me2,9127.632338324
H3.2,ARTKQTARKSTGGKAPRKQLATKAARKSAPATGGVKKPHRYRPGTVALRE,K4unR8unK9unK14acR17unK18unK23me3R26unK27me2K36un,6362.3966313559995
H3.2,ARTKQTARKSTGGKAPRKQLATKAARKSAPATGGVKKPHRYRPGTVALRE,K4unR8unK9me2K14acR17unK18unK23unR26unK27me3K36un,410347.767522901
H3.2,ARTKQTARKSTGGKAPRKQLATKAARKSAPATGGVKKPHRYRPGTVALRE,K4unR8unK9unK14unR17unK18acK23unR26unK27me3K36me2,2541.012676013
H3.2,ARTKQTARKSTGGKAPRKQLATKAARKSAPATGGVKKPHRYRPGTVALRE,K4unR8unK9unK14acR17unK18unK23unR26unK27me3K36me2,6942.193569442001
H3.2,ARTKQTARKSTGGKAPRKQLATKAARKSAPATGGVKKPHRYRPGTVALRE,K4unR8unK9me2K14unR17unK18acK23unR26unK27unK36me3,12235.688381872998
H3.2,ARTKQTARKSTGGKAPRKQLATKAARKSAPATGGVKKPHRYRPGTVALRE,K4unR8unK9me2K14unR17unK18unK23acR26unK27me3K36un,6776.615162044
H3.2,ARTKQTARKSTGGKAPRKQLATKAARKSAPATGGVKKPHRYRPGTVALRE,K4unR8unK9unK14unR17me1K18me1K23acR26unK27acK36un,2696.4536298969997
H3.2,ARTKQTARKSTGGKAPRKQLATKAARKSAPATGGVKKPHRYRPGTVALRE,K4unR8unK9unK14me2R17unK18unK23acR26unK27me3K36un,2630.178664987
H3.2,ARTKQTARKSTGGKAPRKQLATKAARKSAPATGGVKKPHRYRPGTVALRE,K4unR8unK9unK14me1R17unK18me1K23acR26unK27me1K36me2,2655.249786582
H3.2,ARTKQTARKSTGGKAPRKQLATKAARKSAPATGGVKKPHRYRPGTVALRE,K4unR8unK9unK14acR17unK18unK23me2R26unK27me1K36me2,4572.536559281
H3.2,ARTKQTARKSTGGKAPRKQLATKAARKSAPATGGVKKPHRYRPGTVALRE,K4unR8unK9me1K14acR17unK18unK23unR26unK27me2K36me2,28789.495941285
H3.2,ARTKQTARKSTGGKAPRKQLATKAARKSAPATGGVKKPHRYRPGTVALRE,K4unR8unK9me2K14unR17unK18acK23unR26unK27me3K36un,22646.962145822003
H3.2,ARTKQTARKSTGGKAPRKQLATKAARKSAPATGGVKKPHRYRPGTVALRE,K4unR8unK9me2K14acR17unK18unK23unR26unK27unK36me3,62460.884281349005
H3.2,ARTKQTARKSTGGKAPRKQLATKAARKSAPATGGVKKPHRYRPGTVALRE,K4unR8unK9me1K14me1R17unK18acK23unR26unK27me3K36un,9155.973606213
H3.2,ARTKQTARKSTGGKAPRKQLATKAARKSAPATGGVKKPHRYRPGTVALRE,K4unR8unK9unK14unR17unK18me2K23acR26unK27acK36un,1899.6279827070002
H3.2,ARTKQTARKSTGGKAPRKQLATKAARKSAPATGGVKKPHRYRPGTVALRE,K4unR8unK9unK14me2R17unK18unK23acR26unK27acK36un,2620.3682261030003
H3.2,ARTKQTARKSTGGKAPRKQLATKAARKSAPATGGVKKPHRYRPGTVALRE,K4unR8unK9unK14acR17unK18unK23me2R26unK27me3K36un,5540.172847942
H3.2,ARTKQTARKSTGGKAPRKQLATKAARKSAPATGGVKKPHRYRPGTVALRE,K4unR8unK9unK14acR17unK18unK23me3R26unK27me3K36un,30865.057794657998
H3.2,ARTKQTARKSTGGKAPRKQLATKAARKSAPATGGVKKPHRYRPGTVALRE,K4unR8unK9unK14acR17unK18acK23unR26unK27me2K36me1,4763.949122409
H3.2,ARTKQTARKSTGGKAPRKQLATKAARKSAPATGGVKKPHRYRPGTVALRE,K4unR8unK9unK14acR17unK18acK23unR26unK27me3K36un,68184.512336436
H3.2,ARTKQTARKSTGGKAPRKQLATKAARKSAPATGGVKKPHRYRPGTVALRE,K4unR8unK9unK14acR17unK18acK23me1R26unK27me2K36un,3203.7623251130003
H3.2,ARTKQTARKSTGGKAPRKQLATKAARKSAPATGGVKKPHRYRPGTVALRE,K4unR8unK9me1K14acR17unK18me1K23unR26unK27me2K36me2,17940.131578696
H3.2,ARTKQTARKSTGGKAPRKQLATKAARKSAPATGGVKKPHRYRPGTVALRE,K4me1R8unK9me1K14acR17unK18unK23unR26unK27me2K36me2,69780.670742976
H3.2,ARTKQTARKSTGGKAPRKQLATKAARKSAPATGGVKKPHRYRPGTVALRE,K4unR8unK9unK14unR17me2K18acK23unR26unK27me2K36me2,23839.475494694998
H3.2,ARTKQTARKSTGGKAPRKQLATKAARKSAPATGGVKKPHRYRPGTVALRE,K4unR8unK9unK14unR17unK18acK23acR26me2K27me2K36un,13800.998408365
H3.2,ARTKQTARKSTGGKAPRKQLATKAARKSAPATGGVKKPHRYRPGTVALRE,K4unR8unK9unK14unR17unK18acK23acR26me2K27unK36me2,2783.112506712
H3.2,ARTKQTARKSTGGKAPRKQLATKAARKSAPATGGVKKPHRYRPGTVALRE,K4unR8unK9unK14acR17unK18acK23unR26unK27me2K36me2,9389.135037039
H3.2,ARTKQTARKSTGGKAPRKQLATKAARKSAPATGGVKKPHRYRPGTVALRE,K4unR8unK9unK14acR17unK18acK23me2R26unK27me2K36un,15079.516604793998
H3.2,ARTKQTARKSTGGKAPRKQLATKAARKSAPATGGVKKPHRYRPGTVALRE,K4unR8unK9me3K14acR17unK18unK23unR26unK27me2K36me2,253381.726411603
H3.2,ARTKQTARKSTGGKAPRKQLATKAARKSAPATGGVKKPHRYRPGTVALRE,K4unR8unK9unK14acR17unK18unK23me3R26unK27me2K36me2,10125.353972898
H3.2,ARTKQTARKSTGGKAPRKQLATKAARKSAPATGGVKKPHRYRPGTVALRE,K4unR8unK9unK14acR17unK18me2K23me2R26unK27me3K36un,17985.259597565
H3.2,ARTKQTARKSTGGKAPRKQLATKAARKSAPATGGVKKPHRYRPGTVALRE,K4unR8unK9me2K14unR17unK18acK23acR26unK27me1K36me1,42987.926129356994
H3.2,ARTKQTARKSTGGKAPRKQLATKAARKSAPATGGVKKPHRYRPGTVALRE,K4unR8unK9unK14me2R17unK18acK23acR26unK27me2K36un,2369.0029809010002
H3.2,ARTKQTARKSTGGKAPRKQLATKAARKSAPATGGVKKPHRYRPGTVALRE,K4unR8unK9acK14me3R17unK18unK23unR26unK27me2K36me2,5322.7081193310005
H3.2,ARTKQTARKSTGGKAPRKQLATKAARKSAPATGGVKKPHRYRPGTVALRE,K4me1R8unK9me1K14acR17unK18me1K23unR26unK27me2K36me2,6237.259033138
H3.2,ARTKQTARKSTGGKAPRKQLATKAARKSAPATGGVKKPHRYRPGTVALRE,K4unR8me1K9unK14acR17unK18acK23unR26unK27me2K36me2,2801.316321087
H3.2,ARTKQTARKSTGGKAPRKQLATKAARKSAPATGGVKKPHRYRPGTVALRE,K4unR8unK9me1K14acR17unK18acK23unR26unK27me2K36me2,8782.195884706
H3.2,ARTKQTARKSTGGKAPRKQLATKAARKSAPATGGVKKPHRYRPGTVALRE,K4unR8unK9me1K14unR17unK18acK23acR26unK27me2K36me2,10702.207779318
H3.2,ARTKQTARKSTGGKAPRKQLATKAARKSAPATGGVKKPHRYRPGTVALRE,K4unR8unK9me1K14acR17unK18acK23me1R26unK27me1K36me2,12653.722083236999
H3.2,ARTKQTARKSTGGKAPRKQLATKAARKSAPATGGVKKPHRYRPGTVALRE,K4unR8unK9me1K14me1R17unK18acK23acR26unK27me2K36me2,19826.133951841002
H3.2,ARTKQTARKSTGGKAPRKQLATKAARKSAPATGGVKKPHRYRPGTVALRE,K4me1R8unK9me1K14acR17unK18acK23unR26unK27me2K36me2,8674.71707648
H3.2,ARTKQTARKSTGGKAPRKQLATKAARKSAPATGGVKKPHRYRPGTVALRE,K4unR8unK9me2K14me1R17unK18acK23acR26unK27me1K36me2,9472.741777312
H3.2,ARTKQTARKSTGGKAPRKQLATKAARKSAPATGGVKKPHRYRPGTVALRE,K4me1R8unK9me1K14unR17unK18acK23acR26unK27me2K36me2,11642.156829348
H3.2,ARTKQTARKSTGGKAPRKQLATKAARKSAPATGGVKKPHRYRPGTVALRE,K4unR8unK9me3K14me3R17unK18unK23acR26unK27me2K36me2,60581.53120567
H3.2,ARTKQTARKSTGGKAPRKQLATKAARKSAPATGGVKKPHRYRPGTVALRE,K4unR8unK9me2K14acR17unK18acK23me1R26unK27me2K36me2,5919.945837656
H3.2,ARTKQTARKSTGGKAPRKQLATKAARKSAPATGGVKKPHRYRPGTVALRE,K4me1R8unK9me1K14acR17unK18me1K23me3R26unK27me2K36me2,10393.723978831998
H3.2,ARTKQTARKSTGGKAPRKQLATKAARKSAPATGGVKKPHRYRPGTVALRE,K4unR8unK9me3K14acR17unK18acK23unR26unK27me2K36me2,7667.294007898
H3.2,ARTKQTARKSTGGKAPRKQLATKAARKSAPATGGVKKPHRYRPGTVALRE,K4unR8unK9me2K14unR17unK18unK23unR26unK27unK36me1,15261.009724161
H3.2,ARTKQTARKSTGGKAPRKQLATKAARKSAPATGGVKKPHRYRPGTVALRE,K4unR8unK9unK14unR17unK18unK23unR26me2K27unK36me1,3197.3310373990003
H3.2,ARTKQTARKSTGGKAPRKQLATKAARKSAPATGGVKKPHRYRPGTVALRE,K4unR8unK9unK14unR17unK18unK23me2R26me1K27unK36un,26991.569508349
H3.2,ARTKQTARKSTGGKAPRKQLATKAARKSAPATGGVKKPHRYRPGTVALRE,K4unR8unK9unK14unR17unK18unK23me1R26me1K27me1K36un,7173.937936873999
H3.2,ARTKQTARKSTGGKAPRKQLATKAARKSAPATGGVKKPHRYRPGTVALRE,K4unR8unK9unK14unR17unK18unK23me2R26unK27me2K36un,4651.783104493999
H3.2,ARTKQTARKSTGGKAPRKQLATKAARKSAPATGGVKKPHRYRPGTVALRE,K4unR8unK9unK14unR17unK18me1K23me1R26unK27me2K36un,11781.901081017
H3.2,ARTKQTARKSTGGKAPRKQLATKAARKSAPATGGVKKPHRYRPGTVALRE,K4unR8unK9unK14me3R17unK18unK23unR26unK27me2K36un,9555.476478573
H3.2,ARTKQTARKSTGGKAPRKQLATKAARKSAPATGGVKKPHRYRPGTVALRE,K4unR8unK9me2K14unR17unK18unK23unR26unK27me3K36me1,312267.577758492
H3.2,ARTKQTARKSTGGKAPRKQLATKAARKSAPATGGVKKPHRYRPGTVALRE,K4unR8unK9acK14unR17unK18unK23unR26unK27me3K36un,4338.067069936999
H3.2,ARTKQTARKSTGGKAPRKQLATKAARKSAPATGGVKKPHRYRPGTVALRE,K4unR8unK9unK14me2R17unK18unK23unR26unK27me3K36me1,2502.6429594859997
H3.2,ARTKQTARKSTGGKAPRKQLATKAARKSAPATGGVKKPHRYRPGTVALRE,K4unR8unK9acK14unR17me2K18unK23unR26unK27me2K36un,32201.457580507
H3.2,ARTKQTARKSTGGKAPRKQLATKAARKSAPATGGVKKPHRYRPGTVALRE,K4unR8unK9me1K14me1R17unK18unK23acR26unK27unK36me2,3123.316726258
H3.2,ARTKQTARKSTGGKAPRKQLATKAARKSAPATGGVKKPHRYRPGTVALRE,K4unR8unK9unK14acR17unK18unK23unR26unK27me3K36me1,6646.245329754
H3.2,ARTKQTARKSTGGKAPRKQLATKAARKSAPATGGVKKPHRYRPGTVALRE,K4unR8unK9unK14acR17unK18unK23unR26me2K27me1K36me1,5527.092262763
H3.2,ARTKQTARKSTGGKAPRKQLATKAARKSAPATGGVKKPHRYRPGTVALRE,K4unR8unK9unK14unR17unK18acK23me2R26unK27me2K36un,8045.213914712
H3.2,ARTKQTARKSTGGKAPRKQLATKAARKSAPATGGVKKPHRYRPGTVALRE,K4unR8unK9unK14unR17unK18unK23acR26unK27me3K36me1,2642.2782062779997
H3.2,ARTKQTARKSTGGKAPRKQLATKAARKSAPATGGVKKPHRYRPGTVALRE,K4unR8unK9me2K14acR17unK18unK23me1R26unK27me1K36un,16294.593963102
H3.2,ARTKQTARKSTGGKAPRKQLATKAARKSAPATGGVKKPHRYRPGTVALRE,K4unR8unK9me2K14unR17unK18acK23unR26unK27me1K36me1,20018.527558857997
H3.2,ARTKQTARKSTGGKAPRKQLATKAARKSAPATGGVKKPHRYRPGTVALRE,K4unR8unK9me1K14me1R17unK18acK23unR26unK27me2K36un,17968.908866091
H3.2,ARTKQTARKSTGGKAPRKQLATKAARKSAPATGGVKKPHRYRPGTVALRE,K4unR8unK9unK14unR17me2K18me1K23unR26unK27me2K36me2,2481.605018322
H3.2,ARTKQTARKSTGGKAPRKQLATKAARKSAPATGGVKKPHRYRPGTVALRE,K4unR8unK9me3K14unR17unK18unK23unR26unK27acK36me1,710.4937850052129
H3.2,ARTKQTARKSTGGKAPRKQLATKAARKSAPATGGVKKPHRYRPGTVALRE,K4unR8unK9me1K14me1R17me1K18unK23unR26unK27me2K36me2,797.5886813260423
H3.2,ARTKQTARKSTGGKAPRKQLATKAARKSAPATGGVKKPHRYRPGTVALRE,K4unR8unK9unK14unR17unK18acK23acR26unK27me3K36un,8476.21919638
H3.2,ARTKQTARKSTGGKAPRKQLATKAARKSAPATGGVKKPHRYRPGTVALRE,K4unR8unK9unK14acR17unK18me1K23acR26unK27me2K36un,4499.176277398999
H3.2,ARTKQTARKSTGGKAPRKQLATKAARKSAPATGGVKKPHRYRPGTVALRE,K4unR8unK9unK14unR17unK18acK23acR26unK27me2K36me1,2726.2119611810003
H3.2,ARTKQTARKSTGGKAPRKQLATKAARKSAPATGGVKKPHRYRPGTVALRE,K4unR8unK9me1K14me1R17unK18acK23unR26unK27me2K36me2,56534.071136473
H3.2,ARTKQTARKSTGGKAPRKQLATKAARKSAPATGGVKKPHRYRPGTVALRE,K4unR8unK9acK14unR17me2K18unK23unR26unK27me2K36me2,19967.513276657
H3.2,ARTKQTARKSTGGKAPRKQLATKAARKSAPATGGVKKPHRYRPGTVALRE,K4unR8unK9unK14acR17unK18me1K23acR26unK27me3K36un,3862.151779153
H3.2,ARTKQTARKSTGGKAPRKQLATKAARKSAPATGGVKKPHRYRPGTVALRE,K4unR8unK9unK14me1R17unK18acK23acR26unK27me3K36un,5333.608606981
H3.2,ARTKQTARKSTGGKAPRKQLATKAARKSAPATGGVKKPHRYRPGTVALRE,K4unR8unK9unK14acR17unK18me2K23acR26unK27me1K36me1,19122.071454549
H3.2,ARTKQTARKSTGGKAPRKQLATKAARKSAPATGGVKKPHRYRPGTVALRE,K4unR8unK9unK14acR17unK18me1K23me3R26unK27acK36un,4996.238514224
H3.2,ARTKQTARKSTGGKAPRKQLATKAARKSAPATGGVKKPHRYRPGTVALRE,K4unR8unK9unK14acR17unK18me2K23me2R26unK27acK36un,5226.020793879
H3.2,ARTKQTARKSTGGKAPRKQLATKAARKSAPATGGVKKPHRYRPGTVALRE,K4unR8unK9unK14unR17unK18acK23acR26unK27me2K36me2,1035.655331594
H3.2,ARTKQTARKSTGGKAPRKQLATKAARKSAPATGGVKKPHRYRPGTVALRE,K4unR8unK9me2K14acR17unK18acK23unR26unK27me1K36me1,8880.082263799999
H3.2,ARTKQTARKSTGGKAPRKQLATKAARKSAPATGGVKKPHRYRPGTVALRE,K4unR8unK9me2K14acR17unK18unK23me3R26unK27me1K36me1,8480.034367057
H3.2,ARTKQTARKSTGGKAPRKQLATKAARKSAPATGGVKKPHRYRPGTVALRE,K4unR8unK9acK14acR17unK18unK23unR26unK27me2K36me2,8940.470965379
H3.2,ARTKQTARKSTGGKAPRKQLATKAARKSAPATGGVKKPHRYRPGTVALRE,K4unR8unK9me2K14acR17unK18unK23me3R26unK27me3K36un,8671.664939938
H3.2,ARTKQTARKSTGGKAPRKQLATKAARKSAPATGGVKKPHRYRPGTVALRE,K4unR8unK9me2K14acR17unK18unK23me3R26unK27me3K36me1,13934.965401579
H3.2,ARTKQTARKSTGGKAPRKQLATKAARKSAPATGGVKKPHRYRPGTVALRE,K4unR8unK9me1K14acR17unK18acK23acR26unK27acK36un,2928.088992453
H3.2,ARTKQTARKSTGGKAPRKQLATKAARKSAPATGGVKKPHRYRPGTVALRE,K4unR8unK9acK14acR17unK18unK23me3R26unK27me2K36me2,7662.061773826
H3.2,ARTKQTARKSTGGKAPRKQLATKAARKSAPATGGVKKPHRYRPGTVALRE,K4unR8unK9me3K14unR17unK18acK23acR26unK27me2K36me2,7135.241205718001
