H3.3,ARTKQTARKSTGGKAPRKQLATKAARKSAPSTGGVKKPHRYRPGTVALRE,K4unR8unK9unK14unR17unK18unK23unR26unK27me2K36un,9974.305304559
H3.3,ARTKQTARKSTGGKAPRKQLATKAARKSAPSTGGVKKPHRYRPGTVALRE,K4unR8unK9unK14unR17unK18me2K23unR26unK27unK36un,104.012553863
H3.3,ARTKQTARKSTGGKAPRKQLATKAARKSAPSTGGVKKPHRYRPGTVALRE,K4unR8unK9unK14unR17unK18unK23unR26unK27unK36me2,1946.7277151943
H3.3,ARTKQTARKSTGGKAPRKQLATKAARKSAPSTGGVKKPHRYRPGTVALRE,K4unR8unK9me2K14unR17unK18unK23unR26unK27unK36un,418.4852919639
H3.3,ARTKQTARKSTGGKAPRKQLATKAARKSAPSTGGVKKPHRYRPGTVALRE,K4unR8unK9unK14unR17unK18unK23unR26unK27me3K36un,248762.4303408678
H3.3,ARTKQTARKSTGGKAPRKQLATKAARKSAPSTGGVKKPHRYRPGTVALRE,K4unR8unK9unK14unR17unK18unK23unR26unK27unK36me3,9664.8186755062
H3.3,ARTKQTARKSTGGKAPRKQLATKAARKSAPSTGGVKKPHRYRPGTVALRE,K4unR8unK9unK14unR17unK18unK23unR26unK27me2K36me1,57176.4661682644
H3.3,ARTKQTARKSTGGKAPRKQLATKAARKSAPSTGGVKKPHRYRPGTVALRE,K4unR8unK9unK14unR17unK18unK23unR26unK27acK36un,6442.5167141912
H3.3,ARTKQTARKSTGGKAPRKQLATKAARKSAPSTGGVKKPHRYRPGTVALRE,K4unR8unK9unK14unR17unK18unK23unR26unK27me1K36me2,6998.9896751596
H3.3,ARTKQTARKSTGGKAPRKQLATKAARKSAPSTGGVKKPHRYRPGTVALRE,K4unR8unK9unK14unR17unK18unK23unR26me1K27me2K36un,692.025553461
H3.3,ARTKQTARKSTGGKAPRKQLATKAARKSAPSTGGVKKPHRYRPGTVALRE,K4unR8unK9unK14unR17unK18unK23unR26unK27me1K36me3,2888.4065891315
H3.3,ARTKQTARKSTGGKAPRKQLATKAARKSAPSTGGVKKPHRYRPGTVALRE,K4unR8unK9unK14unR17unK18unK23unR26unK27me2K36me2,130547.7565466162
H3.3,ARTKQTARKSTGGKAPRKQLATKAARKSAPSTGGVKKPHRYRPGTVALRE,K4unR8unK9unK14unR17unK18unK23unR26me2K27me2K36un,4582.3501711916
H3.3,ARTKQTARKSTGGKAPRKQLATKAARKSAPSTGGVKKPHRYRPGTVALRE,K4unR8unK9unK14unR17unK18unK23unR26me2K27unK36me2,20154.8383984664
H3.3,ARTKQTARKSTGGKAPRKQLATKAARKSAPSTGGVKKPHRYRPGTVALRE,K4unR8unK9unK14unR17unK18unK23unR26unK27me3K36me1,3723.0000745597004
H3.3,ARTKQTARKSTGGKAPRKQLATKAARKSAPSTGGVKKPHRYRPGTVALRE,K4unR8unK9me3K14unR17unK18unK23unR26unK27unK36me1,8517.4338143305
H3.3,ARTKQTARKSTGGKAPRKQLATKAARKSAPSTGGVKKPHRYRPGTVALRE,K4unR8unK9me3K14unR17unK18unK23unR26unK27me1K36un,5185.843300043501
H3.3,ARTKQTARKSTGGKAPRKQLATKAARKSAPSTGGVKKPHRYRPGTVALRE,K4unR8unK9me2K14unR17unK18unK23unR26me1K27unK36me1,8845.8792533684
H3.3,ARTKQTARKSTGGKAPRKQLATKAARKSAPSTGGVKKPHRYRPGTVALRE,K4unR8unK9unK14unR17unK18unK23acR26unK27unK36me2,1616.2530457299
H3.3,ARTKQTARKSTGGKAPRKQLATKAARKSAPSTGGVKKPHRYRPGTVALRE,K4unR8unK9unK14unR17unK18unK23acR26unK27me2K36un,2216.9052519846
H3.3,ARTKQTARKSTGGKAPRKQLATKAARKSAPSTGGVKKPHRYRPGTVALRE,K4unR8unK9me2K14unR17unK18unK23me1R26unK27me1K36me1,762.52681628
H3.3,ARTKQTARKSTGGKAPRKQLATKAARKSAPSTGGVKKPHRYRPGTVALRE,K4unR8unK9me2K14unR17unK18unK23unR26me1K27me1K36me1,1762.7634825258
H3.3,ARTKQTARKSTGGKAPRKQLATKAARKSAPSTGGVKKPHRYRPGTVALRE,K4unR8unK9me2K14unR17unK18unK23unR26unK27me3K36un,6857.9291715091995
H3.3,ARTKQTARKSTGGKAPRKQLATKAARKSAPSTGGVKKPHRYRPGTVALRE,K4unR8unK9unK14unR17unK18acK23unR26unK27me2K36me1,411.9337765868
H3.3,ARTKQTARKSTGGKAPRKQLATKAARKSAPSTGGVKKPHRYRPGTVALRE,K4unR8unK9unK14unR17unK18unK23acR26unK27me2K36me1,17241.5012640946
H3.3,ARTKQTARKSTGGKAPRKQLATKAARKSAPSTGGVKKPHRYRPGTVALRE,K4unR8unK9unK14unR17unK18unK23acR26unK27me3K36un,24487.6512052063
H3.3,ARTKQTARKSTGGKAPRKQLATKAARKSAPSTGGVKKPHRYRPGTVALRE,K4unR8unK9unK14unR17unK18acK23unR26unK27me3K36un,6801.806455712501
H3.3,ARTKQTARKSTGGKAPRKQLATKAARKSAPSTGGVKKPHRYRPGTVALRE,K4unR8unK9unK14unR17unK18unK23acR26me1K27me1K36me1,764.4400906822001
H3.3,ARTKQTARKSTGGKAPRKQLATKAARKSAPSTGGVKKPHRYRPGTVALRE,K4unR8unK9unK14acR17unK18unK23me3R26unK27unK36un,431.240454645
H3.3,ARTKQTARKSTGGKAPRKQLATKAARKSAPSTGGVKKPHRYRPGTVALRE,K4unR8unK9me3K14unR17unK18unK23unR26unK27me2K36me1,4694.8854928461
H3.3,ARTKQTARKSTGGKAPRKQLATKAARKSAPSTGGVKKPHRYRPGTVALRE,K4unR8unK9me2K14me1R17unK18unK23unR26unK27me3K36un,1530.6195217301001
H3.3,ARTKQTARKSTGGKAPRKQLATKAARKSAPSTGGVKKPHRYRPGTVALRE,K4unR8unK9me2K14unR17unK18unK23unR26unK27me3K36me1,3338.7797877980997
H3.3,ARTKQTARKSTGGKAPRKQLATKAARKSAPSTGGVKKPHRYRPGTVALRE,K4unR8unK9unK14acR17unK18unK23unR26unK27me3K36un,1617.4705839858
H3.3,ARTKQTARKSTGGKAPRKQLATKAARKSAPSTGGVKKPHRYRPGTVALRE,K4unR8unK9me2K14me1R17unK18unK23unR26unK27unK36me3,3848.0006688343
H3.3,ARTKQTARKSTGGKAPRKQLATKAARKSAPSTGGVKKPHRYRPGTVALRE,K4unR8unK9me2K14unR17me1K18unK23unR26unK27unK36me3,390.13404400459996
H3.3,ARTKQTARKSTGGKAPRKQLATKAARKSAPSTGGVKKPHRYRPGTVALRE,K4unR8unK9unK14unR17unK18unK23acR26unK27me2K36me2,39926.6740484271
H3.3,ARTKQTARKSTGGKAPRKQLATKAARKSAPSTGGVKKPHRYRPGTVALRE,K4unR8unK9unK14acR17unK18unK23unR26unK27me2K36me2,36270.1747538456
H3.3,ARTKQTARKSTGGKAPRKQLATKAARKSAPSTGGVKKPHRYRPGTVALRE,K4unR8unK9unK14unR17unK18acK23unR26unK27me2K36me2,4958.8593823324
H3.3,ARTKQTARKSTGGKAPRKQLATKAARKSAPSTGGVKKPHRYRPGTVALRE,K4unR8unK9me3K14unR17unK18unK23unR26unK27me2K36me2,24201.93556115
H3.3,ARTKQTARKSTGGKAPRKQLATKAARKSAPSTGGVKKPHRYRPGTVALRE,K4unR8unK9unK14unR17unK18unK23acR26unK27me3K36me1,5250.0829375464
H3.3,ARTKQTARKSTGGKAPRKQLATKAARKSAPSTGGVKKPHRYRPGTVALRE,K4unR8me1K9me1K14unR17me1K18unK23unR26unK27me2K36me2,279.8598648254
H3.3,ARTKQTARKSTGGKAPRKQLATKAARKSAPSTGGVKKPHRYRPGTVALRE,K4unR8me1K9me1K14me1R17unK18unK23unR26unK27me2K36me2,1707.4524588996
H3.3,ARTKQTARKSTGGKAPRKQLATKAARKSAPSTGGVKKPHRYRPGTVALRE,K4unR8unK9unK14unR17unK18acK23acR26unK27me2K36un,797.7194696774
H3.3,ARTKQTARKSTGGKAPRKQLATKAARKSAPSTGGVKKPHRYRPGTVALRE,K4unR8unK9unK14acR17unK18unK23me3R26unK27me2K36un,14707.4562854484
H3.3,ARTKQTARKSTGGKAPRKQLATKAARKSAPSTGGVKKPHRYRPGTVALRE,K4unR8unK9unK14unR17unK18acK23me1R26unK27me2K36me2,3100.6640917471
H3.3,ARTKQTARKSTGGKAPRKQLATKAARKSAPSTGGVKKPHRYRPGTVALRE,K4unR8unK9me1K14acR17unK18unK23unR26unK27me2K36me2,1462.3214233741
H3.3,ARTKQTARKSTGGKAPRKQLATKAARKSAPSTGGVKKPHRYRPGTVALRE,K4unR8unK9me1K14me1R17unK18me1K23unR26unK27acK36me2,2626.6938421205
H3.3,ARTKQTARKSTGGKAPRKQLATKAARKSAPSTGGVKKPHRYRPGTVALRE,K4unR8unK9me1K14unR17unK18unK23acR26unK27me2K36me2,7032.037142106
H3.3,ARTKQTARKSTGGKAPRKQLATKAARKSAPSTGGVKKPHRYRPGTVALRE,K4unR8unK9me2K14unR17unK18unK23acR26unK27unK36me3,15796.109420279001
H3.3,ARTKQTARKSTGGKAPRKQLATKAARKSAPSTGGVKKPHRYRPGTVALRE,K4unR8unK9me1K14me1R17unK18unK23acR26unK27unK36me3,1981.9783466038998
H3.3,ARTKQTARKSTGGKAPRKQLATKAARKSAPSTGGVKKPHRYRPGTVALRE,K4unR8unK9unK14unR17unK18me1K23acR26unK27me2K36me2,2998.0430101766
H3.3,ARTKQTARKSTGGKAPRKQLATKAARKSAPSTGGVKKPHRYRPGTVALRE,K4unR8unK9unK14acR17unK18acK23unR26unK27me2K36un,2841.5603552845996
H3.3,ARTKQTARKSTGGKAPRKQLATKAARKSAPSTGGVKKPHRYRPGTVALRE,K4unR8unK9me1K14me1R17unK18unK23me2R26unK27me2K36me2,3491.493871898
H3.3,ARTKQTARKSTGGKAPRKQLATKAARKSAPSTGGVKKPHRYRPGTVALRE,K4unR8unK9unK14acR17unK18me1K23acR26unK27me2K36un,6011.7980616559
H3.3,ARTKQTARKSTGGKAPRKQLATKAARKSAPSTGGVKKPHRYRPGTVALRE,K4unR8unK9unK14unR17unK18acK23acR26unK27me3K36un,8040.390730057899
H3.3,ARTKQTARKSTGGKAPRKQLATKAARKSAPSTGGVKKPHRYRPGTVALRE,K4unR8unK9unK14unR17unK18acK23acR26me1K27me1K36me1,1490.556715309
H3.3,ARTKQTARKSTGGKAPRKQLATKAARKSAPSTGGVKKPHRYRPGTVALRE,K4unR8unK9unK14acR17unK18unK23me3R26unK27me3K36un,33846.519910403
H3.3,ARTKQTARKSTGGKAPRKQLATKAARKSAPSTGGVKKPHRYRPGTVALRE,K4unR8unK9unK14acR17unK18me1K23me2R26unK27me2K36me1,788.3270317031
H3.3,ARTKQTARKSTGGKAPRKQLATKAARKSAPSTGGVKKPHRYRPGTVALRE,K4unR8unK9unK14acR17unK18me2K23me2R26unK27me2K36un,994.728755088
H3.3,ARTKQTARKSTGGKAPRKQLATKAARKSAPSTGGVKKPHRYRPGTVALRE,K4unR8unK9unK14acR17unK18acK23unR26me1K27me1K36me1,1731.0495098596
H3.3,ARTKQTARKSTGGKAPRKQLATKAARKSAPSTGGVKKPHRYRPGTVALRE,K4unR8unK9me1K14me1R17unK18unK23acR26unK27me2K36me2,1023.7177611813
H3.3,ARTKQTARKSTGGKAPRKQLATKAARKSAPSTGGVKKPHRYRPGTVALRE,K4unR8unK9me1K14me1R17unK18acK23unR26unK27me2K36me2,5455.093188638701
H3.3,ARTKQTARKSTGGKAPRKQLATKAARKSAPSTGGVKKPHRYRPGTVALRE,K4unR8unK9unK14acR17unK18acK23unR26unK27me2K36me2,10242.0477648374
H3.3,ARTKQTARKSTGGKAPRKQLATKAARKSAPSTGGVKKPHRYRPGTVALRE,K4unR8unK9unK14acR17unK18unK23me3R26unK27me2K36me2,12984.4657192827
H3.3,ARTKQTARKSTGGKAPRKQLATKAARKSAPSTGGVKKPHRYRPGTVALRE,K4unR8unK9unK14unR17unK18acK23acR26unK27me2K36me2,4549.5346162938995
H3.3,ARTKQTARKSTGGKAPRKQLATKAARKSAPSTGGVKKPHRYRPGTVALRE,K4unR8unK9unK14acR17unK18me2K23acR26unK27me1K36me1,2492.1268758351002
H3.3,ARTKQTARKSTGGKAPRKQLATKAARKSAPSTGGVKKPHRYRPGTVALRE,K4unR8unK9me2K14acR17unK18unK23me3R26unK27me1K36me1,4044.7200641839004
H3.3,ARTKQTARKSTGGKAPRKQLATKAARKSAPSTGGVKKPHRYRPGTVALRE,K4unR8unK9me3K14acR17unK18unK23unR26unK27me2K36me2,2645.5366960812003
H3.3,ARTKQTARKSTGGKAPRKQLATKAARKSAPSTGGVKKPHRYRPGTVALRE,K4unR8unK9me1K14acR17unK18acK23unR26unK27me2K36me2,15216.561210460199
H3.3,ARTKQTARKSTGGKAPRKQLATKAARKSAPSTGGVKKPHRYRPGTVALRE,K4unR8unK9me1K14unR17unK18acK23acR26unK27me2K36me2,2985.6936935808003
H3.3,ARTKQTARKSTGGKAPRKQLATKAARKSAPSTGGVKKPHRYRPGTVALRE,K4unR8me1K9unK14acR17unK18acK23unR26unK27me2K36me2,344.62130443800004
H3.3,ARTKQTARKSTGGKAPRKQLATKAARKSAPSTGGVKKPHRYRPGTVALRE,K4unR8unK9unK14acR17unK18acK23acR26me1K27me1K36me1,2300.7414576066
H3.3,ARTKQTARKSTGGKAPRKQLATKAARKSAPSTGGVKKPHRYRPGTVALRE,K4unR8unK9unK14acR17unK18acK23acR26unK27me3K36un,580.7077700624
H3.3,ARTKQTARKSTGGKAPRKQLATKAARKSAPSTGGVKKPHRYRPGTVALRE,K4unR8unK9me1K14me1R17unK18acK23acR26unK27me2K36me2,5278.9559876154
H3.3,ARTKQTARKSTGGKAPRKQLATKAARKSAPSTGGVKKPHRYRPGTVALRE,K4unR8unK9me3K14acR17unK18unK23me2R26unK27me2K36me2,1310.4190314448
H3.3,ARTKQTARKSTGGKAPRKQLATKAARKSAPSTGGVKKPHRYRPGTVALRE,K4unR8unK9acK14me1R17unK18acK23acR26unK27me3K36un,2344.1669887345
H3.3,ARTKQTARKSTGGKAPRKQLATKAARKSAPSTGGVKKPHRYRPGTVALRE,K4unR8unK9unK14acR17unK18acK23acR26unK27me2K36me2,5043.159412051899
H3.3,ARTKQTARKSTGGKAPRKQLATKAARKSAPSTGGVKKPHRYRPGTVALRE,K4me1R8unK9unK14acR17unK18acK23me2R26unK27me2K36me2,415.0645892449
H3.3,ARTKQTARKSTGGKAPRKQLATKAARKSAPSTGGVKKPHRYRPGTVALRE,K4unR8unK9me1K14acR17unK18acK23me2R26unK27me2K36me2,996.1202273803999
H3.3,ARTKQTARKSTGGKAPRKQLATKAARKSAPSTGGVKKPHRYRPGTVALRE,K4unR8unK9me1K14acR17unK18acK23acR26unK27me2K36me2,5454.86127659
H3.3,ARTKQTARKSTGGKAPRKQLATKAARKSAPSTGGVKKPHRYRPGTVALRE,K4me1R8unK9unK14acR17unK18acK23acR26unK27me2K36me2,3279.6422153676003
H3.3,ARTKQTARKSTGGKAPRKQLATKAARKSAPSTGGVKKPHRYRPGTVALRE,K4unR8me1K9unK14acR17unK18acK23acR26unK27me2K36me2,2661.1327813594
H3.3,ARTKQTARKSTGGKAPRKQLATKAARKSAPSTGGVKKPHRYRPGTVALRE,K4unR8unK9unK14unR17unK18unK23me2R26unK27unK36un,549.0517754084
H3.3,ARTKQTARKSTGGKAPRKQLATKAARKSAPSTGGVKKPHRYRPGTVALRE,K4unR8unK9me2K14unR17unK18unK23unR26unK27unK36me1,10728.0194629867
H3.3,ARTKQTARKSTGGKAPRKQLATKAARKSAPSTGGVKKPHRYRPGTVALRE,K4unR8unK9unK14unR17me2K18unK23unR26unK27unK36me2,4087.8557052509
H3.3,ARTKQTARKSTGGKAPRKQLATKAARKSAPSTGGVKKPHRYRPGTVALRE,K4unR8unK9me2K14unR17me1K18unK23unR26unK27me1K36un,5128.6769800273005
H3.3,ARTKQTARKSTGGKAPRKQLATKAARKSAPSTGGVKKPHRYRPGTVALRE,K4unR8unK9me2K14unR17unK18unK23unR26me1K27me1K36un,4775.1270617126
H3.3,ARTKQTARKSTGGKAPRKQLATKAARKSAPSTGGVKKPHRYRPGTVALRE,K4unR8unK9unK14unR17unK18unK23acR26unK27unK36me3,2642.5798174597003
H3.3,ARTKQTARKSTGGKAPRKQLATKAARKSAPSTGGVKKPHRYRPGTVALRE,K4unR8unK9unK14unR17unK18unK23me3R26unK27me3K36un,2949.5733919884997
H3.3,ARTKQTARKSTGGKAPRKQLATKAARKSAPSTGGVKKPHRYRPGTVALRE,K4unR8unK9unK14unR17unK18unK23me3R26unK27me2K36me1,2100.8912495989
H3.3,ARTKQTARKSTGGKAPRKQLATKAARKSAPSTGGVKKPHRYRPGTVALRE,K4unR8unK9me1K14me1R17unK18unK23unR26unK27me2K36me2,6578.7070648179
H3.3,ARTKQTARKSTGGKAPRKQLATKAARKSAPSTGGVKKPHRYRPGTVALRE,K4unR8unK9unK14unR17unK18unK23acR26me2K27me1K36me1,3260.1616032729003
H3.3,ARTKQTARKSTGGKAPRKQLATKAARKSAPSTGGVKKPHRYRPGTVALRE,K4unR8unK9me2K14acR17unK18unK23unR26unK27unK36me3,4587.394258251899
H3.3,ARTKQTARKSTGGKAPRKQLATKAARKSAPSTGGVKKPHRYRPGTVALRE,K4unR8unK9me2K14unR17unK18unK23acR26unK27me3K36un,3433.1679916381004
H3.3,ARTKQTARKSTGGKAPRKQLATKAARKSAPSTGGVKKPHRYRPGTVALRE,K4unR8unK9unK14unR17unK18unK23acR26unK27me2K36me3,1817.2048359691
H3.3,ARTKQTARKSTGGKAPRKQLATKAARKSAPSTGGVKKPHRYRPGTVALRE,K4unR8unK9unK14unR17unK18me2K23acR26unK27unK36me3,1698.5238450228999
H3.3,ARTKQTARKSTGGKAPRKQLATKAARKSAPSTGGVKKPHRYRPGTVALRE,K4unR8unK9unK14acR17unK18acK23unR26unK27me3K36un,1233.7141213217
H3.3,ARTKQTARKSTGGKAPRKQLATKAARKSAPSTGGVKKPHRYRPGTVALRE,K4unR8unK9unK14unR17unK18acK23acR26unK27me3K36me1,1364.4545388028
H3.3,ARTKQTARKSTGGKAPRKQLATKAARKSAPSTGGVKKPHRYRPGTVALRE,K4unR8unK9unK14unR17unK18acK23acR26unK27me2K36me1,432.5739489253
H3.3,ARTKQTARKSTGGKAPRKQLATKAARKSAPSTGGVKKPHRYRPGTVALRE,K4unR8unK9unK14acR17unK18acK23unR26unK27me2K36me1,2748.853513798
H3.3,ARTKQTARKSTGGKAPRKQLATKAARKSAPSTGGVKKPHRYRPGTVALRE,K4unR8unK9unK14acR17unK18unK23unR26unK27me3K36me3,5187.2927503481005
H3.3,ARTKQTARKSTGGKAPRKQLATKAARKSAPSTGGVKKPHRYRPGTVALRE,K4unR8me1K9unK14acR17me1K18unK23me2R26unK27me2K36me2,4393.7476975480995
H3.3,ARTKQTARKSTGGKAPRKQLATKAARKSAPSTGGVKKPHRYRPGTVALRE,K4unR8unK9me1K14acR17unK18acK23acR26unK27me2K36un,850.2475487186
H3.3,ARTKQTARKSTGGKAPRKQLATKAARKSAPSTGGVKKPHRYRPGTVALRE,K4unR8unK9me2K14acR17unK18unK23me3R26unK27me3K36me1,5967.7927504061
H3.3,ARTKQTARKSTGGKAPRKQLATKAARKSAPSTGGVKKPHRYRPGTVALRE,K4unR8unK9acK14acR17unK18unK23me3R26unK27me2K36me2,752.9604442692
H3.3,ARTKQTARKSTGGKAPRKQLATKAARKSAPSTGGVKKPHRYRPGTVALRE,K4unR8unK9acK14me1R17unK18acK23acR26unK27me2K36me2,1199.8549622047
H3.3,ARTKQTARKSTGGKAPRKQLATKAARKSAPSTGGVKKPHRYRPGTVALRE,K4me1R8unK9me1K14acR17unK18acK23acR26unK27me2K36me2,2146.8678132630002
