H3.2,ARTKQTARKSTGGKAPRKQLATKAARKSAPATGGVKKPHRYRPGTVALRE,K4unR8unK9unK14unR17me2K18unK23unR26unK27me2K36un,621242.9646070009
H3.2,ARTKQTARKSTGGKAPRKQLATKAARKSAPATGGVKKPHRYRPGTVALRE,K4unR8unK9me2K14unR17unK18unK23unR26me1K27me1K36un,260236.39705013702
H3.2,ARTKQTARKSTGGKAPRKQLATKAARKSAPATGGVKKPHRYRPGTVALRE,K4unR8unK9me1K14me1R17unK18unK23unR26unK27me2K36un,107221.112929833
H3.2,ARTKQTARKSTGGKAPRKQLATKAARKSAPATGGVKKPHRYRPGTVALRE,K4unR8me1K9me1K14unR17unK18unK23unR26unK27me2K36un,238621.058001195
H3.2,ARTKQTARKSTGGKAPRKQLATKAARKSAPATGGVKKPHRYRPGTVALRE,K4unR8unK9me2K14unR17unK18unK23unR26unK27me1K36me1,97364.110507395
H3.2,ARTKQTARKSTGGKAPRKQLATKAARKSAPATGGVKKPHRYRPGTVALRE,K4unR8unK9unK14me2R17unK18unK23unR26me1K27me1K36un,98117.196483258
H3.2,ARTKQTARKSTGGKAPRKQLATKAARKSAPATGGVKKPHRYRPGTVALRE,K4unR8unK9unK14me1R17me1K18unK23unR26unK27me2K36un,154125.57074146302
H3.2,ARTKQTARKSTGGKAPRKQLATKAARKSAPATGGVKKPHRYRPGTVALRE,K4unR8unK9unK14unR17unK18unK23me2R26unK27me2K36un,89811.919940995
H3.2,ARTKQTARKSTGGKAPRKQLATKAARKSAPATGGVKKPHRYRPGTVALRE,K4unR8unK9unK14unR17unK18unK23unR26me2K27me2K36un,72720.158294839
H3.2,ARTKQTARKSTGGKAPRKQLATKAARKSAPATGGVKKPHRYRPGTVALRE,K4unR8unK9unK14unR17unK18me2K23unR26me1K27me1K36un,979.9517703205636
H3.2,ARTKQTARKSTGGKAPRKQLATKAARKSAPATGGVKKPHRYRPGTVALRE,K4unR8unK9unK14unR17unK18unK23unR26me1K27me3K36un,7341.413262545
H3.2,ARTKQTARKSTGGKAPRKQLATKAARKSAPATGGVKKPHRYRPGTVALRE,K4unR8unK9unK14unR17me1K18me1K23unR26unK27me2K36un,9522.036432694
H3.2,ARTKQTARKSTGGKAPRKQLATKAARKSAPATGGVKKPHRYRPGTVALRE,K4unR8unK9unK14unR17unK18unK23me1R26me1K27unK36me2,1667.2376273129998
H3.2,ARTKQTARKSTGGKAPRKQLATKAARKSAPATGGVKKPHRYRPGTVALRE,K4unR8unK9me2K14unR17unK18unK23me1R26unK27me1K36un,10129.602914901001
H3.2,ARTKQTARKSTGGKAPRKQLATKAARKSAPATGGVKKPHRYRPGTVALRE,K4unR8unK9me2K14unR17unK18unK23unR26unK27me3K36un,2163595.400925999
H3.2,ARTKQTARKSTGGKAPRKQLATKAARKSAPATGGVKKPHRYRPGTVALRE,K4unR8unK9unK14me2R17unK18unK23unR26unK27me3K36un,111605.136234355
H3.2,ARTKQTARKSTGGKAPRKQLATKAARKSAPATGGVKKPHRYRPGTVALRE,K4unR8unK9me1K14unR17me1K18unK23unR26unK27me3K36un,15037.315627027001
H3.2,ARTKQTARKSTGGKAPRKQLATKAARKSAPATGGVKKPHRYRPGTVALRE,K4unR8unK9me1K14me1R17unK18unK23unR26unK27me3K36un,217337.069550852
H3.2,ARTKQTARKSTGGKAPRKQLATKAARKSAPATGGVKKPHRYRPGTVALRE,K4unR8unK9unK14unR17me2K18me1K23unR26unK27me2K36un,8113.841581043
H3.2,ARTKQTARKSTGGKAPRKQLATKAARKSAPATGGVKKPHRYRPGTVALRE,K4unR8unK9me1K14me1R17unK18unK23unR26me1K27me2K36un,45195.10087745699
H3.2,ARTKQTARKSTGGKAPRKQLATKAARKSAPATGGVKKPHRYRPGTVALRE,K4unR8unK9unK14me3R17unK18unK23unR26unK27me2K36un,93889.177306717
H3.2,ARTKQTARKSTGGKAPRKQLATKAARKSAPATGGVKKPHRYRPGTVALRE,K4unR8unK9unK14unR17unK18unK23me2R26me1K27me2K36un,42145.337675635004
H3.2,ARTKQTARKSTGGKAPRKQLATKAARKSAPATGGVKKPHRYRPGTVALRE,K4unR8unK9unK14unR17unK18unK23me3R26unK27me2K36un,2359.946571026
H3.2,ARTKQTARKSTGGKAPRKQLATKAARKSAPATGGVKKPHRYRPGTVALRE,K4unR8me1K9me1K14me1R17unK18unK23unR26unK27me2K36un,38435.765589534
H3.2,ARTKQTARKSTGGKAPRKQLATKAARKSAPATGGVKKPHRYRPGTVALRE,K4unR8unK9me3K14unR17unK18unK23unR26unK27me2K36un,398484.79680118803
H3.2,ARTKQTARKSTGGKAPRKQLATKAARKSAPATGGVKKPHRYRPGTVALRE,K4unR8unK9unK14me3R17unK18unK23me2R26unK27unK36un,17964.517068975
H3.2,ARTKQTARKSTGGKAPRKQLATKAARKSAPATGGVKKPHRYRPGTVALRE,K4unR8unK9me1K14me1R17unK18me1K23unR26unK27unK36me2,5222.97482012
H3.2,ARTKQTARKSTGGKAPRKQLATKAARKSAPATGGVKKPHRYRPGTVALRE,K4unR8unK9me2K14unR17unK18unK23unR26me1K27me1K36me1,379227.77739725704
H3.2,ARTKQTARKSTGGKAPRKQLATKAARKSAPATGGVKKPHRYRPGTVALRE,K4unR8me1K9unK14me1R17unK18me1K23unR26unK27me2K36un,8371.438200248
H3.2,ARTKQTARKSTGGKAPRKQLATKAARKSAPATGGVKKPHRYRPGTVALRE,K4unR8me1K9me1K14unR17me1K18unK23unR26unK27me2K36un,53467.11582117
H3.2,ARTKQTARKSTGGKAPRKQLATKAARKSAPATGGVKKPHRYRPGTVALRE,K4unR8unK9unK14me1R17me1K18me1K23unR26unK27me2K36un,10314.710941614
H3.2,ARTKQTARKSTGGKAPRKQLATKAARKSAPATGGVKKPHRYRPGTVALRE,K4unR8unK9me1K14me1R17unK18me1K23unR26unK27me2K36un,66336.100607947
H3.2,ARTKQTARKSTGGKAPRKQLATKAARKSAPATGGVKKPHRYRPGTVALRE,K4unR8unK9me1K14me1R17me1K18unK23unR26unK27me2K36un,30185.442992702
H3.2,ARTKQTARKSTGGKAPRKQLATKAARKSAPATGGVKKPHRYRPGTVALRE,K4unR8unK9unK14unR17unK18unK23unR26me2K27me3K36un,7484.040443283
H3.2,ARTKQTARKSTGGKAPRKQLATKAARKSAPATGGVKKPHRYRPGTVALRE,K4unR8unK9unK14unR17unK18unK23me2R26unK27me3K36un,31204.26021785
H3.2,ARTKQTARKSTGGKAPRKQLATKAARKSAPATGGVKKPHRYRPGTVALRE,K4unR8me1K9me1K14unR17unK18unK23unR26unK27me3K36un,40837.83146742
H3.2,ARTKQTARKSTGGKAPRKQLATKAARKSAPATGGVKKPHRYRPGTVALRE,K4unR8unK9me2K14unR17me1K18unK23unR26me1K27me1K36un,22353.240381988
H3.2,ARTKQTARKSTGGKAPRKQLATKAARKSAPATGGVKKPHRYRPGTVALRE,K4unR8unK9me2K14unR17me1K18unK23unR26unK27me1K36me1,129728.54974423
H3.2,ARTKQTARKSTGGKAPRKQLATKAARKSAPATGGVKKPHRYRPGTVALRE,K4unR8unK9unK14unR17unK18unK23me2R26unK27acK36un,4070.9304312149998
H3.2,ARTKQTARKSTGGKAPRKQLATKAARKSAPATGGVKKPHRYRPGTVALRE,K4unR8unK9unK14unR17unK18me2K23unR26unK27me3K36un,13798.682620157999
H3.2,ARTKQTARKSTGGKAPRKQLATKAARKSAPATGGVKKPHRYRPGTVALRE,K4unR8unK9me2K14unR17unK18unK23unR26unK27unK36me3,12521.907236690999
H3.2,ARTKQTARKSTGGKAPRKQLATKAARKSAPATGGVKKPHRYRPGTVALRE,K4unR8unK9unK14me2R17me1K18unK23unR26unK27me1K36me1,15971.171160227
H3.2,ARTKQTARKSTGGKAPRKQLATKAARKSAPATGGVKKPHRYRPGTVALRE,K4unR8unK9me2K14unR17unK18unK23me3R26unK27unK36un,3005.293890717
H3.2,ARTKQTARKSTGGKAPRKQLATKAARKSAPATGGVKKPHRYRPGTVALRE,K4unR8unK9me2K14unR17unK18unK23me1R26unK27me1K36me1,37962.872427542
H3.2,ARTKQTARKSTGGKAPRKQLATKAARKSAPATGGVKKPHRYRPGTVALRE,K4unR8unK9unK14unR17me2K18unK23unR26me1K27me2K36un,13079.039012402001
H3.2,ARTKQTARKSTGGKAPRKQLATKAARKSAPATGGVKKPHRYRPGTVALRE,K4unR8unK9me1K14unR17me2K18unK23unR26unK27me2K36un,4121.1843681539995
H3.2,ARTKQTARKSTGGKAPRKQLATKAARKSAPATGGVKKPHRYRPGTVALRE,K4unR8me1K9unK14me1R17me1K18unK23unR26unK27me2K36un,2842.962828229
H3.2,ARTKQTARKSTGGKAPRKQLATKAARKSAPATGGVKKPHRYRPGTVALRE,K4unR8unK9me3K14unR17unK18unK23unR26unK27me1K36me1,11819.979045553999
H3.2,ARTKQTARKSTGGKAPRKQLATKAARKSAPATGGVKKPHRYRPGTVALRE,K4unR8unK9me1K14me1R17unK18unK23unR26unK27me2K36me2,577905.090161618
H3.2,ARTKQTARKSTGGKAPRKQLATKAARKSAPATGGVKKPHRYRPGTVALRE,K4unR8unK9me1K14unR17me1K18unK23unR26unK27me2K36me2,22848.006660418
H3.2,ARTKQTARKSTGGKAPRKQLATKAARKSAPATGGVKKPHRYRPGTVALRE,K4unR8unK9me2K14unR17unK18unK23unR26unK27acK36me1,74372.39204889399
H3.2,ARTKQTARKSTGGKAPRKQLATKAARKSAPATGGVKKPHRYRPGTVALRE,K4unR8unK9me2K14unR17unK18unK23unR26unK27me1K36me3,690203.296878802
H3.2,ARTKQTARKSTGGKAPRKQLATKAARKSAPATGGVKKPHRYRPGTVALRE,K4unR8unK9me2K14unR17unK18unK23me1R26unK27unK36me3,8633.011749713
H3.2,ARTKQTARKSTGGKAPRKQLATKAARKSAPATGGVKKPHRYRPGTVALRE,K4unR8unK9me2K14unR17unK18unK23unR26me1K27me3K36un,120175.059408559
H3.2,ARTKQTARKSTGGKAPRKQLATKAARKSAPATGGVKKPHRYRPGTVALRE,K4unR8me1K9me1K14unR17unK18unK23unR26unK27me2K36me2,386312.13634926995
H3.2,ARTKQTARKSTGGKAPRKQLATKAARKSAPATGGVKKPHRYRPGTVALRE,K4me1R8unK9me1K14unR17unK18unK23unR26unK27me2K36me2,27412.437983162
H3.2,ARTKQTARKSTGGKAPRKQLATKAARKSAPATGGVKKPHRYRPGTVALRE,K4unR8unK9me2K14unR17unK18unK23unR26me1K27unK36me3,42640.465493179
H3.2,ARTKQTARKSTGGKAPRKQLATKAARKSAPATGGVKKPHRYRPGTVALRE,K4unR8unK9me2K14unR17unK18unK23unR26me2K27me1K36me1,69732.579820741
H3.2,ARTKQTARKSTGGKAPRKQLATKAARKSAPATGGVKKPHRYRPGTVALRE,K4unR8unK9me1K14me1R17unK18unK23unR26me2K27unK36me2,1070.336548988
H3.2,ARTKQTARKSTGGKAPRKQLATKAARKSAPATGGVKKPHRYRPGTVALRE,K4unR8unK9me2K14unR17unK18unK23me1R26me1K27me1K36me1,2354.161945191
H3.2,ARTKQTARKSTGGKAPRKQLATKAARKSAPATGGVKKPHRYRPGTVALRE,K4unR8unK9unK14unR17unK18unK23acR26unK27me3K36me1,3521.933285584
H3.2,ARTKQTARKSTGGKAPRKQLATKAARKSAPATGGVKKPHRYRPGTVALRE,K4unR8unK9unK14unR17unK18unK23acR26unK27me2K36me2,6984.7549259200005
H3.2,ARTKQTARKSTGGKAPRKQLATKAARKSAPATGGVKKPHRYRPGTVALRE,K4unR8unK9unK14unR17unK18unK23acR26unK27acK36me1,3087.90557842
H3.2,ARTKQTARKSTGGKAPRKQLATKAARKSAPATGGVKKPHRYRPGTVALRE,K4unR8unK9unK14unR17unK18acK23unR26me2K27me2K36un,1299.552347691
H3.2,ARTKQTARKSTGGKAPRKQLATKAARKSAPATGGVKKPHRYRPGTVALRE,K4unR8unK9unK14acR17unK18unK23unR26unK27me2K36me2,6424.369298177
H3.2,ARTKQTARKSTGGKAPRKQLATKAARKSAPATGGVKKPHRYRPGTVALRE,K4unR8unK9unK14unR17unK18acK23unR26unK27me2K36me2,5525.944598216
H3.2,ARTKQTARKSTGGKAPRKQLATKAARKSAPATGGVKKPHRYRPGTVALRE,K4unR8unK9unK14acR17unK18unK23unR26unK27me3K36me1,3704.691308051
H3.2,ARTKQTARKSTGGKAPRKQLATKAARKSAPATGGVKKPHRYRPGTVALRE,K4unR8unK9me3K14unR17unK18unK23unR26unK27me2K36me2,202805.908684366
H3.2,ARTKQTARKSTGGKAPRKQLATKAARKSAPATGGVKKPHRYRPGTVALRE,K4unR8unK9me1K14me1R17unK18unK23unR26unK27me3K36me2,16367.96033858
H3.2,ARTKQTARKSTGGKAPRKQLATKAARKSAPATGGVKKPHRYRPGTVALRE,K4unR8unK9me1K14me1R17unK18unK23unR26me1K27me2K36me2,7000.301107851
H3.2,ARTKQTARKSTGGKAPRKQLATKAARKSAPATGGVKKPHRYRPGTVALRE,K4unR8me1K9me1K14unR17me1K18unK23unR26unK27me2K36me2,47181.758312583996
H3.2,ARTKQTARKSTGGKAPRKQLATKAARKSAPATGGVKKPHRYRPGTVALRE,K4unR8me1K9me1K14me1R17unK18unK23unR26unK27me2K36me2,31301.152700582
H3.2,ARTKQTARKSTGGKAPRKQLATKAARKSAPATGGVKKPHRYRPGTVALRE,K4unR8unK9me1K14me1R17me1K18unK23unR26unK27me2K36me2,5004.966733972
H3.2,ARTKQTARKSTGGKAPRKQLATKAARKSAPATGGVKKPHRYRPGTVALRE,K4unR8unK9unK14unR17unK18unK23acR26unK27me1K36me2,607.5664822076026
H3.2,ARTKQTARKSTGGKAPRKQLATKAARKSAPATGGVKKPHRYRPGTVALRE,K4unR8unK9unK14acR17unK18unK23unR26me2K27unK36me2,345.9929327418481
H3.2,ARTKQTARKSTGGKAPRKQLATKAARKSAPATGGVKKPHRYRPGTVALRE,K4unR8unK9unK14unR17unK18acK23unR26me2K27unK36me2,851.786154169064
H3.2,ARTKQTARKSTGGKAPRKQLATKAARKSAPATGGVKKPHRYRPGTVALRE,K4unR8unK9me1K14acR17unK18me1K23unR26unK27me2K36me2,547357.927284686
H3.2,ARTKQTARKSTGGKAPRKQLATKAARKSAPATGGVKKPHRYRPGTVALRE,K4unR8unK9unK14acR17me2K18unK23unR26unK27me2K36me2,70338.70014649
H3.2,ARTKQTARKSTGGKAPRKQLATKAARKSAPATGGVKKPHRYRPGTVALRE,K4unR8unK9me1K14me1R17unK18acK23unR26unK27me2K36me2,135856.276198818
H3.2,ARTKQTARKSTGGKAPRKQLATKAARKSAPATGGVKKPHRYRPGTVALRE,K4unR8unK9acK14me1R17unK18me1K23unR26unK27me2K36me2,63873.657697910996
H3.2,ARTKQTARKSTGGKAPRKQLATKAARKSAPATGGVKKPHRYRPGTVALRE,K4unR8me1K9unK14acR17me1K18unK23unR26unK27me2K36me2,62509.389848693
H3.2,ARTKQTARKSTGGKAPRKQLATKAARKSAPATGGVKKPHRYRPGTVALRE,K4me1R8unK9me1K14acR17unK18unK23unR26unK27me2K36me2,74519.719238123
H3.2,ARTKQTARKSTGGKAPRKQLATKAARKSAPATGGVKKPHRYRPGTVALRE,K4unR8unK9acK14unR17me2K18unK23unR26unK27me2K36me2,57715.381188132
H3.2,ARTKQTARKSTGGKAPRKQLATKAARKSAPATGGVKKPHRYRPGTVALRE,K4unR8unK9me2K14acR17unK18unK23unR26unK27unK36me3,6369.23458319
H3.2,ARTKQTARKSTGGKAPRKQLATKAARKSAPATGGVKKPHRYRPGTVALRE,K4unR8me1K9unK14acR17me1K18unK23unR26me1K27me2K36me2,52535.248753101005
H3.2,ARTKQTARKSTGGKAPRKQLATKAARKSAPATGGVKKPHRYRPGTVALRE,K4unR8unK9acK14me1R17unK18me1K23unR26unK27me3K36me2,123277.245782009
H3.2,ARTKQTARKSTGGKAPRKQLATKAARKSAPATGGVKKPHRYRPGTVALRE,K4me1R8unK9acK14me1R17unK18unK23unR26unK27me3K36me2,114641.88402804901
H3.2,ARTKQTARKSTGGKAPRKQLATKAARKSAPATGGVKKPHRYRPGTVALRE,K4me1R8unK9me1K14acR17unK18me1K23unR26unK27me2K36me2,23659.119664186
H3.2,ARTKQTARKSTGGKAPRKQLATKAARKSAPATGGVKKPHRYRPGTVALRE,K4unR8unK9me3K14acR17unK18unK23unR26unK27me2K36me2,174143.087673108
H3.2,ARTKQTARKSTGGKAPRKQLATKAARKSAPATGGVKKPHRYRPGTVALRE,K4unR8me1K9acK14unR17me1K18unK23unR26me1K27me2K36me2,10478.488160560999
H3.2,ARTKQTARKSTGGKAPRKQLATKAARKSAPATGGVKKPHRYRPGTVALRE,K4unR8unK9unK14unR17me2K18unK23acR26unK27acK36me2,5905.379899065
H3.2,ARTKQTARKSTGGKAPRKQLATKAARKSAPATGGVKKPHRYRPGTVALRE,K4unR8unK9unK14acR17unK18acK23unR26unK27me3K36un,1309.494673344
H3.2,ARTKQTARKSTGGKAPRKQLATKAARKSAPATGGVKKPHRYRPGTVALRE,K4unR8unK9me1K14acR17unK18me1K23me3R26unK27me2K36me2,10091.098999189
H3.2,ARTKQTARKSTGGKAPRKQLATKAARKSAPATGGVKKPHRYRPGTVALRE,K4unR8unK9me1K14me1R17unK18acK23acR26unK27me2K36me2,17737.470504961
H3.2,ARTKQTARKSTGGKAPRKQLATKAARKSAPATGGVKKPHRYRPGTVALRE,K4me1R8unK9me1K14unR17unK18acK23acR26unK27me2K36me2,1777.868596403
H3.2,ARTKQTARKSTGGKAPRKQLATKAARKSAPATGGVKKPHRYRPGTVALRE,K4unR8unK9unK14me2R17unK18acK23acR26unK27me2K36me2,5604.217816542
H3.2,ARTKQTARKSTGGKAPRKQLATKAARKSAPATGGVKKPHRYRPGTVALRE,K4unR8unK9unK14acR17unK18acK23acR26unK27unK36me3,379.07376173440724
H3.2,ARTKQTARKSTGGKAPRKQLATKAARKSAPATGGVKKPHRYRPGTVALRE,K4me1R8unK9me1K14unR17unK18acK23acR26unK27me3K36me2,8854.273687893
H3.2,ARTKQTARKSTGGKAPRKQLATKAARKSAPATGGVKKPHRYRPGTVALRE,K4me1R8unK9me1K14unR17unK18acK23acR26unK27acK36me2,1466.764188227
H3.2,ARTKQTARKSTGGKAPRKQLATKAARKSAPATGGVKKPHRYRPGTVALRE,K4unR8unK9unK14me2R17unK18acK23acR26me1K27me2K36me2,3516.510198864
H3.2,ARTKQTARKSTGGKAPRKQLATKAARKSAPATGGVKKPHRYRPGTVALRE,K4unR8unK9me3K14me3R17unK18unK23acR26unK27me2K36me2,4582.508278477
H3.2,ARTKQTARKSTGGKAPRKQLATKAARKSAPATGGVKKPHRYRPGTVALRE,K4unR8unK9me1K14me1R17unK18acK23acR26unK27me3K36me2,10047.714305428
H3.2,ARTKQTARKSTGGKAPRKQLATKAARKSAPATGGVKKPHRYRPGTVALRE,K4unR8unK9me3K14unR17unK18acK23acR26unK27me2K36me2,2398.450486739
H3.2,ARTKQTARKSTGGKAPRKQLATKAARKSAPATGGVKKPHRYRPGTVALRE,K4unR8unK9me2K14me1R17unK18acK23acR26unK27me2K36me2,12257.441374308
H3.2,ARTKQTARKSTGGKAPRKQLATKAARKSAPATGGVKKPHRYRPGTVALRE,K4unR8unK9unK14acR17unK18acK23acR26unK27acK36me1,1524.791216132
H3.2,ARTKQTARKSTGGKAPRKQLATKAARKSAPATGGVKKPHRYRPGTVALRE,K4unR8unK9unK14unR17unK18unK23unR26unK27acK36me1,936.386307002494
H3.2,ARTKQTARKSTGGKAPRKQLATKAARKSAPATGGVKKPHRYRPGTVALRE,K4unR8unK9me2K14unR17unK18unK23unR26me2K27unK36un,6270.895943999
H3.2,ARTKQTARKSTGGKAPRKQLATKAARKSAPATGGVKKPHRYRPGTVALRE,K4unR8unK9unK14me1R17unK18me1K23unR26unK27me2K36un,930.9632202824022
H3.2,ARTKQTARKSTGGKAPRKQLATKAARKSAPATGGVKKPHRYRPGTVALRE,K4unR8unK9me1K14unR17me1K18unK23unR26unK27me2K36un,1048.644202108
H3.2,ARTKQTARKSTGGKAPRKQLATKAARKSAPATGGVKKPHRYRPGTVALRE,K4unR8unK9unK14unR17unK18unK23unR26unK27me2K36me2,1163.0713319019999
H3.2,ARTKQTARKSTGGKAPRKQLATKAARKSAPATGGVKKPHRYRPGTVALRE,K4unR8unK9unK14unR17unK18unK23unR26unK27me3K36un,1099.801986834
H3.2,ARTKQTARKSTGGKAPRKQLATKAARKSAPATGGVKKPHRYRPGTVALRE,K4unR8unK9unK14unR17unK18unK23unR26unK27me3K36me1,995.497952251493
H3.2,ARTKQTARKSTGGKAPRKQLATKAARKSAPATGGVKKPHRYRPGTVALRE,K4unR8unK9unK14unR17me2K18unK23unR26unK27me3K36un,21271.876890002
H3.2,ARTKQTARKSTGGKAPRKQLATKAARKSAPATGGVKKPHRYRPGTVALRE,K4unR8unK9unK14me2R17unK18unK23unR26unK27acK36un,5380.605874117001
H3.2,ARTKQTARKSTGGKAPRKQLATKAARKSAPATGGVKKPHRYRPGTVALRE,K4unR8unK9unK14me1R17me2K18unK23unR26unK27me2K36un,5636.214028191
H3.2,ARTKQTARKSTGGKAPRKQLATKAARKSAPATGGVKKPHRYRPGTVALRE,K4unR8unK9me3K14unR17unK18unK23me2R26unK27unK36un,48962.338452347
H3.2,ARTKQTARKSTGGKAPRKQLATKAARKSAPATGGVKKPHRYRPGTVALRE,K4unR8unK9unK14unR17unK18unK23unR26unK27me2K36me3,4319.127033438
H3.2,ARTKQTARKSTGGKAPRKQLATKAARKSAPATGGVKKPHRYRPGTVALRE,K4unR8unK9unK14unR17me1K18me1K23unR26me1K27me2K36un,10024.937341204
H3.2,ARTKQTARKSTGGKAPRKQLATKAARKSAPATGGVKKPHRYRPGTVALRE,K4unR8unK9me2K14unR17unK18unK23unR26unK27acK36un,12395.368546556001
H3.2,ARTKQTARKSTGGKAPRKQLATKAARKSAPATGGVKKPHRYRPGTVALRE,K4unR8unK9unK14me2R17unK18unK23unR26me1K27me1K36me1,6946.0702406499995
H3.2,ARTKQTARKSTGGKAPRKQLATKAARKSAPATGGVKKPHRYRPGTVALRE,K4unR8unK9me1K14unR17me1K18unK23unR26me1K27me2K36un,3326.7021636609998
H3.2,ARTKQTARKSTGGKAPRKQLATKAARKSAPATGGVKKPHRYRPGTVALRE,K4unR8me1K9unK14me2R17unK18unK23unR26unK27me1K36me1,5741.060371446
H3.2,ARTKQTARKSTGGKAPRKQLATKAARKSAPATGGVKKPHRYRPGTVALRE,K4unR8me1K9me2K14unR17unK18unK23unR26unK27me1K36me1,5004.062886185
H3.2,ARTKQTARKSTGGKAPRKQLATKAARKSAPATGGVKKPHRYRPGTVALRE,K4unR8me1K9unK14unR17me1K18unK23unR26unK27me3K36me1,16918.584410227
H3.2,ARTKQTARKSTGGKAPRKQLATKAARKSAPATGGVKKPHRYRPGTVALRE,K4unR8unK9unK14unR17me2K18unK23unR26unK27me2K36me2,1555.341271322
H3.2,ARTKQTARKSTGGKAPRKQLATKAARKSAPATGGVKKPHRYRPGTVALRE,K4unR8unK9unK14unR17unK18unK23acR26unK27me1K36me3,1241.3445502280001
H3.2,ARTKQTARKSTGGKAPRKQLATKAARKSAPATGGVKKPHRYRPGTVALRE,K4unR8unK9unK14acR17unK18unK23unR26me1K27me3K36un,1935.861189515
H3.2,ARTKQTARKSTGGKAPRKQLATKAARKSAPATGGVKKPHRYRPGTVALRE,K4unR8unK9unK14unR17unK18acK23unR26unK27me3K36me1,680.235844256831
H3.2,ARTKQTARKSTGGKAPRKQLATKAARKSAPATGGVKKPHRYRPGTVALRE,K4unR8unK9unK14unR17me2K18unK23unR26me1K27me2K36me2,3267.952057527
H3.2,ARTKQTARKSTGGKAPRKQLATKAARKSAPATGGVKKPHRYRPGTVALRE,K4unR8unK9unK14unR17unK18unK23acR26unK27me2K36me1,1678.8068789830002
H3.2,ARTKQTARKSTGGKAPRKQLATKAARKSAPATGGVKKPHRYRPGTVALRE,K4unR8unK9unK14acR17unK18unK23unR26unK27me3K36un,1130.894350696
H3.2,ARTKQTARKSTGGKAPRKQLATKAARKSAPATGGVKKPHRYRPGTVALRE,K4unR8unK9unK14acR17unK18unK23me3R26unK27me2K36me2,6083.980221713
H3.2,ARTKQTARKSTGGKAPRKQLATKAARKSAPATGGVKKPHRYRPGTVALRE,K4unR8unK9acK14me3R17unK18unK23unR26unK27me2K36me2,4386.011769652
H3.2,ARTKQTARKSTGGKAPRKQLATKAARKSAPATGGVKKPHRYRPGTVALRE,K4unR8unK9unK14me1R17unK18acK23acR26me1K27me1K36me1,1568.537449007
H3.2,ARTKQTARKSTGGKAPRKQLATKAARKSAPATGGVKKPHRYRPGTVALRE,K4unR8unK9unK14me1R17unK18acK23acR26unK27me3K36un,1192.175230633
H3.2,ARTKQTARKSTGGKAPRKQLATKAARKSAPATGGVKKPHRYRPGTVALRE,K4unR8unK9me3K14unR17unK18acK23unR26unK27me2K36me2,2315.477259921
H3.2,ARTKQTARKSTGGKAPRKQLATKAARKSAPATGGVKKPHRYRPGTVALRE,K4unR8unK9unK14acR17unK18unK23me3R26unK27me3K36me2,5459.240631557999
H3.2,ARTKQTARKSTGGKAPRKQLATKAARKSAPATGGVKKPHRYRPGTVALRE,K4unR8unK9me1K14acR17unK18acK23me1R26unK27me2K36me2,7856.787270511
H3.2,ARTKQTARKSTGGKAPRKQLATKAARKSAPATGGVKKPHRYRPGTVALRE,K4unR8unK9me2K14acR17unK18me1K23me2R26unK27me2K36me2,3679.5643395820002
