H3.3,ARTKQTARKSTGGKAPRKQLATKAARKSAPSTGGVKKPHRYRPGTVALRE,K4unR8unK9unK14unR17unK18unK23unR26unK27me2K36un,4053.73730203
H3.3,ARTKQTARKSTGGKAPRKQLATKAARKSAPSTGGVKKPHRYRPGTVALRE,K4unR8unK9unK14unR17unK18unK23unR26unK27unK36me2,406.24795475670004
H3.3,ARTKQTARKSTGGKAPRKQLATKAARKSAPSTGGVKKPHRYRPGTVALRE,K4unR8unK9unK14unR17unK18unK23unR26unK27me3K36un,42574.6677345737
H3.3,ARTKQTARKSTGGKAPRKQLATKAARKSAPSTGGVKKPHRYRPGTVALRE,K4unR8unK9unK14unR17unK18unK23unR26unK27acK36un,2542.179237033
H3.3,ARTKQTARKSTGGKAPRKQLATKAARKSAPSTGGVKKPHRYRPGTVALRE,K4unR8unK9unK14unR17unK18unK23unR26unK27me2K36me1,42933.2585453692
H3.3,ARTKQTARKSTGGKAPRKQLATKAARKSAPSTGGVKKPHRYRPGTVALRE,K4unR8unK9unK14unR17unK18unK23unR26unK27me1K36me2,8487.9833923187
H3.3,ARTKQTARKSTGGKAPRKQLATKAARKSAPSTGGVKKPHRYRPGTVALRE,K4unR8unK9unK14unR17unK18unK23unR26unK27unK36me3,6916.3975090655
H3.3,ARTKQTARKSTGGKAPRKQLATKAARKSAPSTGGVKKPHRYRPGTVALRE,K4unR8unK9unK14unR17unK18unK23unR26me1K27me2K36un,1268.5213712866
H3.3,ARTKQTARKSTGGKAPRKQLATKAARKSAPSTGGVKKPHRYRPGTVALRE,K4unR8unK9unK14unR17unK18unK23unR26unK27me3K36me1,22453.7716632504
H3.3,ARTKQTARKSTGGKAPRKQLATKAARKSAPSTGGVKKPHRYRPGTVALRE,K4unR8unK9unK14unR17unK18unK23unR26unK27me2K36me2,90540.9198094113
H3.3,ARTKQTARKSTGGKAPRKQLATKAARKSAPSTGGVKKPHRYRPGTVALRE,K4unR8unK9unK14unR17unK18unK23unR26me1K27me3K36un,382.18693655879997
H3.3,ARTKQTARKSTGGKAPRKQLATKAARKSAPSTGGVKKPHRYRPGTVALRE,K4unR8unK9unK14unR17unK18unK23unR26me1K27me1K36me2,6665.2875613697
H3.3,ARTKQTARKSTGGKAPRKQLATKAARKSAPSTGGVKKPHRYRPGTVALRE,K4unR8unK9unK14unR17unK18unK23unR26unK27acK36me1,1209.1398669028
H3.3,ARTKQTARKSTGGKAPRKQLATKAARKSAPSTGGVKKPHRYRPGTVALRE,K4unR8unK9unK14me2R17unK18unK23unR26unK27me3K36un,4978.9752963417
H3.3,ARTKQTARKSTGGKAPRKQLATKAARKSAPSTGGVKKPHRYRPGTVALRE,K4unR8unK9unK14unR17unK18unK23unR26me2K27unK36me2,5213.2810833544
H3.3,ARTKQTARKSTGGKAPRKQLATKAARKSAPSTGGVKKPHRYRPGTVALRE,K4unR8unK9unK14unR17unK18unK23unR26me1K27me2K36me1,1356.1932811386
H3.3,ARTKQTARKSTGGKAPRKQLATKAARKSAPSTGGVKKPHRYRPGTVALRE,K4unR8unK9unK14me2R17unK18unK23unR26unK27me1K36me1,696.2161066768
H3.3,ARTKQTARKSTGGKAPRKQLATKAARKSAPSTGGVKKPHRYRPGTVALRE,K4unR8unK9unK14unR17unK18unK23unR26me2K27me2K36un,1535.5623889955
H3.3,ARTKQTARKSTGGKAPRKQLATKAARKSAPSTGGVKKPHRYRPGTVALRE,K4unR8unK9unK14unR17unK18unK23me1R26me1K27unK36me2,895.3261347423
H3.3,ARTKQTARKSTGGKAPRKQLATKAARKSAPSTGGVKKPHRYRPGTVALRE,K4unR8unK9unK14unR17unK18me1K23unR26me1K27unK36me2,143.787828354
H3.3,ARTKQTARKSTGGKAPRKQLATKAARKSAPSTGGVKKPHRYRPGTVALRE,K4unR8unK9unK14unR17unK18unK23unR26unK27me1K36me3,2654.7399003931996
H3.3,ARTKQTARKSTGGKAPRKQLATKAARKSAPSTGGVKKPHRYRPGTVALRE,K4unR8unK9unK14unR17unK18unK23unR26me2K27me1K36me1,219.2931630287
H3.3,ARTKQTARKSTGGKAPRKQLATKAARKSAPSTGGVKKPHRYRPGTVALRE,K4unR8unK9unK14unR17unK18unK23me2R26unK27me1K36me1,222.20724487459998
H3.3,ARTKQTARKSTGGKAPRKQLATKAARKSAPSTGGVKKPHRYRPGTVALRE,K4unR8unK9me1K14unR17unK18unK23unR26unK27me2K36me2,17737.2905098309
H3.3,ARTKQTARKSTGGKAPRKQLATKAARKSAPSTGGVKKPHRYRPGTVALRE,K4unR8unK9me1K14me1R17unK18unK23unR26me1K27unK36me2,7975.3544419292
H3.3,ARTKQTARKSTGGKAPRKQLATKAARKSAPSTGGVKKPHRYRPGTVALRE,K4unR8unK9me2K14unR17unK18unK23unR26unK27me3K36un,73129.541573879
H3.3,ARTKQTARKSTGGKAPRKQLATKAARKSAPSTGGVKKPHRYRPGTVALRE,K4unR8unK9me1K14me1R17unK18unK23unR26unK27me3K36un,17904.9919514646
H3.3,ARTKQTARKSTGGKAPRKQLATKAARKSAPSTGGVKKPHRYRPGTVALRE,K4unR8unK9unK14unR17unK18unK23unR26unK27me3K36me2,9631.3466491528
H3.3,ARTKQTARKSTGGKAPRKQLATKAARKSAPSTGGVKKPHRYRPGTVALRE,K4unR8unK9me1K14me1R17unK18unK23unR26unK27unK36me3,3835.1925024325
H3.3,ARTKQTARKSTGGKAPRKQLATKAARKSAPSTGGVKKPHRYRPGTVALRE,K4unR8unK9me2K14unR17unK18unK23unR26unK27unK36me3,21583.5837364933
H3.3,ARTKQTARKSTGGKAPRKQLATKAARKSAPSTGGVKKPHRYRPGTVALRE,K4unR8unK9me2K14unR17unK18unK23unR26me1K27me1K36me1,15497.0078842582
H3.3,ARTKQTARKSTGGKAPRKQLATKAARKSAPSTGGVKKPHRYRPGTVALRE,K4unR8unK9unK14unR17unK18unK23unR26unK27acK36me2,817.6210651334001
H3.3,ARTKQTARKSTGGKAPRKQLATKAARKSAPSTGGVKKPHRYRPGTVALRE,K4unR8unK9unK14me2R17unK18unK23acR26unK27unK36un,459.6652293704
H3.3,ARTKQTARKSTGGKAPRKQLATKAARKSAPSTGGVKKPHRYRPGTVALRE,K4unR8unK9me2K14unR17unK18unK23unR26unK27acK36me1,7371.2550703323
H3.3,ARTKQTARKSTGGKAPRKQLATKAARKSAPSTGGVKKPHRYRPGTVALRE,K4unR8unK9me1K14unR17me1K18unK23unR26unK27me3K36un,5657.9223499009995
H3.3,ARTKQTARKSTGGKAPRKQLATKAARKSAPSTGGVKKPHRYRPGTVALRE,K4unR8unK9me3K14unR17unK18unK23unR26unK27unK36me2,1401.0950870121999
H3.3,ARTKQTARKSTGGKAPRKQLATKAARKSAPSTGGVKKPHRYRPGTVALRE,K4unR8unK9unK14me1R17unK18me1K23unR26unK27me3K36un,306.2167094496
H3.3,ARTKQTARKSTGGKAPRKQLATKAARKSAPSTGGVKKPHRYRPGTVALRE,K4unR8unK9unK14unR17unK18unK23acR26unK27me2K36un,142.8807211647
H3.3,ARTKQTARKSTGGKAPRKQLATKAARKSAPSTGGVKKPHRYRPGTVALRE,K4unR8unK9me2K14unR17unK18unK23unR26unK27acK36un,6743.854382808499
H3.3,ARTKQTARKSTGGKAPRKQLATKAARKSAPSTGGVKKPHRYRPGTVALRE,K4unR8me1K9unK14unR17unK18unK23me1R26unK27me1K36me2,916.6204760126001
H3.3,ARTKQTARKSTGGKAPRKQLATKAARKSAPSTGGVKKPHRYRPGTVALRE,K4unR8unK9unK14unR17unK18unK23me2R26unK27unK36me3,859.2232686056
H3.3,ARTKQTARKSTGGKAPRKQLATKAARKSAPSTGGVKKPHRYRPGTVALRE,K4unR8unK9unK14unR17unK18me2K23unR26unK27unK36me3,162.3948645759
H3.3,ARTKQTARKSTGGKAPRKQLATKAARKSAPSTGGVKKPHRYRPGTVALRE,K4unR8unK9unK14unR17unK18unK23me2R26unK27me3K36un,7548.3110548563
H3.3,ARTKQTARKSTGGKAPRKQLATKAARKSAPSTGGVKKPHRYRPGTVALRE,K4unR8unK9me1K14me1R17unK18unK23unR26me1K27me2K36un,1117.8735448129
H3.3,ARTKQTARKSTGGKAPRKQLATKAARKSAPSTGGVKKPHRYRPGTVALRE,K4unR8unK9unK14unR17unK18unK23me3R26unK27unK36me2,746.7419771244
H3.3,ARTKQTARKSTGGKAPRKQLATKAARKSAPSTGGVKKPHRYRPGTVALRE,K4unR8unK9unK14unR17unK18unK23me2R26unK27me2K36me1,1336.713154247
H3.3,ARTKQTARKSTGGKAPRKQLATKAARKSAPSTGGVKKPHRYRPGTVALRE,K4unR8unK9unK14unR17me1K18unK23unR26me1K27me2K36me1,767.9456076758
H3.3,ARTKQTARKSTGGKAPRKQLATKAARKSAPSTGGVKKPHRYRPGTVALRE,K4unR8unK9me1K14me1R17unK18me1K23unR26unK27unK36me2,4610.032124747499
H3.3,ARTKQTARKSTGGKAPRKQLATKAARKSAPSTGGVKKPHRYRPGTVALRE,K4unR8unK9unK14me1R17unK18unK23unR26unK27me2K36me2,859.9376155172
H3.3,ARTKQTARKSTGGKAPRKQLATKAARKSAPSTGGVKKPHRYRPGTVALRE,K4unR8me1K9unK14unR17me1K18unK23unR26unK27me2K36me1,1678.6131927583
H3.3,ARTKQTARKSTGGKAPRKQLATKAARKSAPSTGGVKKPHRYRPGTVALRE,K4unR8unK9unK14me1R17me1K18unK23unR26unK27me3K36un,765.2696414671999
H3.3,ARTKQTARKSTGGKAPRKQLATKAARKSAPSTGGVKKPHRYRPGTVALRE,K4unR8unK9unK14me1R17me2K18unK23unR26unK27me2K36un,436.7380951592
H3.3,ARTKQTARKSTGGKAPRKQLATKAARKSAPSTGGVKKPHRYRPGTVALRE,K4unR8unK9unK14me1R17me1K18me1K23unR26unK27me2K36un,625.9606548606
H3.3,ARTKQTARKSTGGKAPRKQLATKAARKSAPSTGGVKKPHRYRPGTVALRE,K4unR8unK9me1K14unR17unK18unK23unR26me1K27me3K36un,1464.8760612643
H3.3,ARTKQTARKSTGGKAPRKQLATKAARKSAPSTGGVKKPHRYRPGTVALRE,K4unR8me1K9unK14unR17me1K18unK23unR26me1K27unK36me2,1206.6793386517
H3.3,ARTKQTARKSTGGKAPRKQLATKAARKSAPSTGGVKKPHRYRPGTVALRE,K4unR8me1K9unK14unR17unK18unK23unR26unK27me3K36me1,1098.7902773167
H3.3,ARTKQTARKSTGGKAPRKQLATKAARKSAPSTGGVKKPHRYRPGTVALRE,K4unR8unK9me1K14unR17me1K18unK23unR26me1K27me2K36un,408.8218714065
H3.3,ARTKQTARKSTGGKAPRKQLATKAARKSAPSTGGVKKPHRYRPGTVALRE,K4unR8unK9unK14unR17unK18unK23unR26unK27me2K36me3,783.5591901727
H3.3,ARTKQTARKSTGGKAPRKQLATKAARKSAPSTGGVKKPHRYRPGTVALRE,K4unR8unK9unK14unR17unK18me2K23unR26unK27me3K36un,850.5490561073001
H3.3,ARTKQTARKSTGGKAPRKQLATKAARKSAPSTGGVKKPHRYRPGTVALRE,K4unR8unK9unK14me1R17me1K18me1K23unR26unK27unK36me2,240.4627770605
H3.3,ARTKQTARKSTGGKAPRKQLATKAARKSAPSTGGVKKPHRYRPGTVALRE,K4unR8unK9unK14unR17unK18unK23me1R26me2K27me2K36un,863.0104411212
H3.3,ARTKQTARKSTGGKAPRKQLATKAARKSAPSTGGVKKPHRYRPGTVALRE,K4unR8unK9unK14unR17unK18me1K23me1R26me1K27unK36me2,378.3090533243
H3.3,ARTKQTARKSTGGKAPRKQLATKAARKSAPSTGGVKKPHRYRPGTVALRE,K4unR8unK9me1K14unR17me1K18unK23unR26me1K27unK36me2,1046.6429527681
H3.3,ARTKQTARKSTGGKAPRKQLATKAARKSAPSTGGVKKPHRYRPGTVALRE,K4unR8me1K9unK14unR17me1K18unK23unR26unK27me1K36me2,1022.9561162858
H3.3,ARTKQTARKSTGGKAPRKQLATKAARKSAPSTGGVKKPHRYRPGTVALRE,K4unR8unK9unK14me2R17unK18unK23unR26unK27acK36un,409.5588959979
H3.3,ARTKQTARKSTGGKAPRKQLATKAARKSAPSTGGVKKPHRYRPGTVALRE,K4unR8unK9unK14unR17unK18unK23acR26unK27me2K36me1,14824.9321676582
H3.3,ARTKQTARKSTGGKAPRKQLATKAARKSAPSTGGVKKPHRYRPGTVALRE,K4unR8unK9unK14unR17unK18unK23acR26unK27me3K36un,4559.324832862
H3.3,ARTKQTARKSTGGKAPRKQLATKAARKSAPSTGGVKKPHRYRPGTVALRE,K4unR8unK9unK14unR17unK18unK23acR26unK27me1K36me2,5519.248338327
H3.3,ARTKQTARKSTGGKAPRKQLATKAARKSAPSTGGVKKPHRYRPGTVALRE,K4unR8unK9unK14unR17unK18unK23acR26unK27unK36me3,2669.9112681353
H3.3,ARTKQTARKSTGGKAPRKQLATKAARKSAPSTGGVKKPHRYRPGTVALRE,K4unR8unK9me1K14me1R17unK18unK23unR26unK27me2K36me2,51979.0788426273
H3.3,ARTKQTARKSTGGKAPRKQLATKAARKSAPSTGGVKKPHRYRPGTVALRE,K4unR8unK9unK14acR17unK18unK23unR26unK27me3K36un,3047.2678589109
H3.3,ARTKQTARKSTGGKAPRKQLATKAARKSAPSTGGVKKPHRYRPGTVALRE,K4unR8unK9unK14unR17unK18unK23acR26me1K27me1K36me1,438.4729376589
H3.3,ARTKQTARKSTGGKAPRKQLATKAARKSAPSTGGVKKPHRYRPGTVALRE,K4unR8unK9unK14unR17unK18acK23unR26unK27me1K36me2,482.467636343
H3.3,ARTKQTARKSTGGKAPRKQLATKAARKSAPSTGGVKKPHRYRPGTVALRE,K4unR8unK9unK14unR17unK18acK23unR26unK27me2K36me1,195.9351529026
H3.3,ARTKQTARKSTGGKAPRKQLATKAARKSAPSTGGVKKPHRYRPGTVALRE,K4unR8unK9me2K14unR17unK18unK23unR26unK27me1K36me3,17624.4236977943
H3.3,ARTKQTARKSTGGKAPRKQLATKAARKSAPSTGGVKKPHRYRPGTVALRE,K4unR8unK9unK14unR17unK18acK23unR26unK27me3K36un,563.2001761965
H3.3,ARTKQTARKSTGGKAPRKQLATKAARKSAPSTGGVKKPHRYRPGTVALRE,K4unR8unK9unK14acR17unK18unK23unR26unK27me2K36me1,1293.8636783895001
H3.3,ARTKQTARKSTGGKAPRKQLATKAARKSAPSTGGVKKPHRYRPGTVALRE,K4unR8unK9me1K14unR17me1K18unK23unR26unK27me2K36me2,611.7417496672999
H3.3,ARTKQTARKSTGGKAPRKQLATKAARKSAPSTGGVKKPHRYRPGTVALRE,K4unR8unK9unK14unR17unK18unK23acR26me1K27unK36me2,40.751790482186884
H3.3,ARTKQTARKSTGGKAPRKQLATKAARKSAPSTGGVKKPHRYRPGTVALRE,K4unR8unK9me2K14unR17unK18unK23unR26me1K27unK36me3,1261.5253070886001
H3.3,ARTKQTARKSTGGKAPRKQLATKAARKSAPSTGGVKKPHRYRPGTVALRE,K4unR8me1K9me1K14unR17unK18unK23unR26unK27me2K36me2,6432.7166168566
H3.3,ARTKQTARKSTGGKAPRKQLATKAARKSAPSTGGVKKPHRYRPGTVALRE,K4unR8unK9me2K14unR17unK18unK23unR26me1K27me3K36un,1421.3689326945
H3.3,ARTKQTARKSTGGKAPRKQLATKAARKSAPSTGGVKKPHRYRPGTVALRE,K4unR8unK9me3K14unR17unK18unK23unR26unK27acK36un,37.781014437019124
H3.3,ARTKQTARKSTGGKAPRKQLATKAARKSAPSTGGVKKPHRYRPGTVALRE,K4unR8unK9me2K14unR17me1K18unK23unR26unK27me3K36un,287.22415267229997
H3.3,ARTKQTARKSTGGKAPRKQLATKAARKSAPSTGGVKKPHRYRPGTVALRE,K4unR8unK9unK14acR17unK18unK23unR26unK27me1K36me2,284.7182690616
H3.3,ARTKQTARKSTGGKAPRKQLATKAARKSAPSTGGVKKPHRYRPGTVALRE,K4unR8unK9unK14unR17unK18me2K23me1R26unK27me3K36un,219.0096920321
H3.3,ARTKQTARKSTGGKAPRKQLATKAARKSAPSTGGVKKPHRYRPGTVALRE,K4unR8unK9me2K14me1R17unK18unK23unR26unK27me3K36un,486.2434700188
H3.3,ARTKQTARKSTGGKAPRKQLATKAARKSAPSTGGVKKPHRYRPGTVALRE,K4unR8unK9unK14unR17unK18unK23acR26unK27me2K36me2,29411.7713757881
H3.3,ARTKQTARKSTGGKAPRKQLATKAARKSAPSTGGVKKPHRYRPGTVALRE,K4unR8unK9unK14unR17unK18unK23acR26unK27me1K36me3,1048.1283407907001
H3.3,ARTKQTARKSTGGKAPRKQLATKAARKSAPSTGGVKKPHRYRPGTVALRE,K4unR8unK9unK14unR17unK18acK23unR26unK27me2K36me2,4329.8947469921
H3.3,ARTKQTARKSTGGKAPRKQLATKAARKSAPSTGGVKKPHRYRPGTVALRE,K4unR8unK9unK14acR17unK18unK23unR26me2K27unK36me2,4480.4972181063
H3.3,ARTKQTARKSTGGKAPRKQLATKAARKSAPSTGGVKKPHRYRPGTVALRE,K4unR8unK9unK14acR17unK18unK23unR26unK27me2K36me2,28797.6598085885
H3.3,ARTKQTARKSTGGKAPRKQLATKAARKSAPSTGGVKKPHRYRPGTVALRE,K4unR8unK9unK14unR17unK18unK23acR26me2K27unK36me2,1536.0499591098
H3.3,ARTKQTARKSTGGKAPRKQLATKAARKSAPSTGGVKKPHRYRPGTVALRE,K4unR8unK9unK14unR17unK18acK23unR26unK27me3K36me1,469.57537541420004
H3.3,ARTKQTARKSTGGKAPRKQLATKAARKSAPSTGGVKKPHRYRPGTVALRE,K4unR8unK9unK14unR17unK18unK23acR26unK27me3K36me1,3975.2952078297994
H3.3,ARTKQTARKSTGGKAPRKQLATKAARKSAPSTGGVKKPHRYRPGTVALRE,K4unR8unK9me2K14unR17unK18unK23acR26unK27unK36me3,1086.5329914204
H3.3,ARTKQTARKSTGGKAPRKQLATKAARKSAPSTGGVKKPHRYRPGTVALRE,K4unR8unK9unK14acR17unK18unK23unR26unK27me3K36me1,3885.6276621611
H3.3,ARTKQTARKSTGGKAPRKQLATKAARKSAPSTGGVKKPHRYRPGTVALRE,K4unR8unK9unK14acR17unK18unK23unR26me2K27me2K36un,726.0259166873
H3.3,ARTKQTARKSTGGKAPRKQLATKAARKSAPSTGGVKKPHRYRPGTVALRE,K4unR8unK9unK14unR17unK18acK23unR26me2K27unK36me2,950.0360371008
H3.3,ARTKQTARKSTGGKAPRKQLATKAARKSAPSTGGVKKPHRYRPGTVALRE,K4unR8unK9unK14acR17unK18unK23me1R26unK27me1K36me2,117.1075381469
H3.3,ARTKQTARKSTGGKAPRKQLATKAARKSAPSTGGVKKPHRYRPGTVALRE,K4unR8unK9me3K14unR17unK18unK23unR26unK27me2K36me2,17379.130574950297
H3.3,ARTKQTARKSTGGKAPRKQLATKAARKSAPSTGGVKKPHRYRPGTVALRE,K4unR8unK9unK14acR17unK18unK23unR26unK27me1K36me3,876.3449168047999
H3.3,ARTKQTARKSTGGKAPRKQLATKAARKSAPSTGGVKKPHRYRPGTVALRE,K4unR8unK9unK14unR17unK18acK23unR26me1K27me3K36un,185.6054697837
H3.3,ARTKQTARKSTGGKAPRKQLATKAARKSAPSTGGVKKPHRYRPGTVALRE,K4unR8unK9unK14acR17unK18acK23unR26unK27me2K36un,561.7828212131001
H3.3,ARTKQTARKSTGGKAPRKQLATKAARKSAPSTGGVKKPHRYRPGTVALRE,K4unR8unK9unK14unR17unK18acK23acR26unK27me2K36un,480.8235045623
H3.3,ARTKQTARKSTGGKAPRKQLATKAARKSAPSTGGVKKPHRYRPGTVALRE,K4unR8unK9me1K14acR17unK18unK23unR26unK27me2K36me2,21588.0852559205
H3.3,ARTKQTARKSTGGKAPRKQLATKAARKSAPSTGGVKKPHRYRPGTVALRE,K4unR8unK9me2K14unR17unK18unK23acR26unK27me3K36un,350.358813052
H3.3,ARTKQTARKSTGGKAPRKQLATKAARKSAPSTGGVKKPHRYRPGTVALRE,K4unR8unK9me2K14unR17unK18acK23unR26unK27me3K36un,6901.0220422057
H3.3,ARTKQTARKSTGGKAPRKQLATKAARKSAPSTGGVKKPHRYRPGTVALRE,K4unR8unK9me2K14acR17unK18unK23unR26unK27me3K36un,32477.2380726856
H3.3,ARTKQTARKSTGGKAPRKQLATKAARKSAPSTGGVKKPHRYRPGTVALRE,K4unR8unK9unK14me1R17unK18me1K23acR26unK27me1K36me2,198.4410365132
H3.3,ARTKQTARKSTGGKAPRKQLATKAARKSAPSTGGVKKPHRYRPGTVALRE,K4unR8unK9acK14unR17unK18unK23me2R26unK27me1K36me2,398.8323534837
H3.3,ARTKQTARKSTGGKAPRKQLATKAARKSAPSTGGVKKPHRYRPGTVALRE,K4unR8unK9unK14me3R17unK18unK23acR26unK27me2K36un,592.3976888541
H3.3,ARTKQTARKSTGGKAPRKQLATKAARKSAPSTGGVKKPHRYRPGTVALRE,K4unR8unK9me1K14acR17unK18me1K23unR26unK27unK36me3,1261.7747615657001
H3.3,ARTKQTARKSTGGKAPRKQLATKAARKSAPSTGGVKKPHRYRPGTVALRE,K4unR8unK9me2K14acR17unK18unK23unR26unK27unK36me3,9168.211734783
H3.3,ARTKQTARKSTGGKAPRKQLATKAARKSAPSTGGVKKPHRYRPGTVALRE,K4unR8unK9me1K14me1R17unK18unK23acR26unK27me3K36un,142.91473768429998
H3.3,ARTKQTARKSTGGKAPRKQLATKAARKSAPSTGGVKKPHRYRPGTVALRE,K4unR8unK9me3K14unR17unK18unK23unR26unK27acK36me2,1613.8003840782
H3.3,ARTKQTARKSTGGKAPRKQLATKAARKSAPSTGGVKKPHRYRPGTVALRE,K4unR8unK9unK14acR17unK18acK23unR26unK27me3K36un,1363.7449484901
H3.3,ARTKQTARKSTGGKAPRKQLATKAARKSAPSTGGVKKPHRYRPGTVALRE,K4unR8unK9unK14acR17unK18acK23unR26me1K27me2K36un,87.51316609391162
H3.3,ARTKQTARKSTGGKAPRKQLATKAARKSAPSTGGVKKPHRYRPGTVALRE,K4unR8unK9me2K14unR17unK18unK23acR26unK27acK36me1,7116.2332228824
H3.3,ARTKQTARKSTGGKAPRKQLATKAARKSAPSTGGVKKPHRYRPGTVALRE,K4unR8unK9me1K14me1R17unK18unK23acR26unK27me2K36me2,7543.922923827799
H3.3,ARTKQTARKSTGGKAPRKQLATKAARKSAPSTGGVKKPHRYRPGTVALRE,K4unR8unK9unK14unR17me2K18unK23acR26unK27me2K36me2,415.13760521250003
H3.3,ARTKQTARKSTGGKAPRKQLATKAARKSAPSTGGVKKPHRYRPGTVALRE,K4unR8unK9acK14unR17me2K18unK23unR26unK27me2K36me2,948.6186821174
H3.3,ARTKQTARKSTGGKAPRKQLATKAARKSAPSTGGVKKPHRYRPGTVALRE,K4unR8unK9unK14acR17unK18acK23acR26unK27unK36un,267.39252174480004
H3.3,ARTKQTARKSTGGKAPRKQLATKAARKSAPSTGGVKKPHRYRPGTVALRE,K4unR8unK9unK14unR17unK18acK23acR26unK27me3K36un,1228.3818781572
H3.3,ARTKQTARKSTGGKAPRKQLATKAARKSAPSTGGVKKPHRYRPGTVALRE,K4unR8unK9unK14unR17unK18acK23acR26unK27me1K36me2,305.4456683386
H3.3,ARTKQTARKSTGGKAPRKQLATKAARKSAPSTGGVKKPHRYRPGTVALRE,K4unR8unK9unK14acR17unK18acK23unR26me2K27unK36me2,3410.836420408
H3.3,ARTKQTARKSTGGKAPRKQLATKAARKSAPSTGGVKKPHRYRPGTVALRE,K4unR8unK9unK14acR17unK18acK23unR26unK27me2K36me2,12269.3617607422
H3.3,ARTKQTARKSTGGKAPRKQLATKAARKSAPSTGGVKKPHRYRPGTVALRE,K4unR8unK9me2K14acR17unK18unK23unR26unK27me3K36me3,3538.942633226
H3.3,ARTKQTARKSTGGKAPRKQLATKAARKSAPSTGGVKKPHRYRPGTVALRE,K4unR8unK9unK14acR17unK18acK23unR26unK27me3K36me1,3164.8969836917
H3.3,ARTKQTARKSTGGKAPRKQLATKAARKSAPSTGGVKKPHRYRPGTVALRE,K4unR8unK9unK14unR17unK18acK23acR26unK27me2K36me2,6014.415475321201
H3.3,ARTKQTARKSTGGKAPRKQLATKAARKSAPSTGGVKKPHRYRPGTVALRE,K4unR8unK9unK14unR17unK18acK23acR26unK27me3K36me1,956.669258423
H3.3,ARTKQTARKSTGGKAPRKQLATKAARKSAPSTGGVKKPHRYRPGTVALRE,K4unR8unK9unK14acR17unK18me2K23me2R26unK27me1K36me2,5325.7737136755
H3.3,ARTKQTARKSTGGKAPRKQLATKAARKSAPSTGGVKKPHRYRPGTVALRE,K4unR8unK9unK14acR17unK18unK23me3R26unK27me2K36me2,29990.596473321402
H3.3,ARTKQTARKSTGGKAPRKQLATKAARKSAPSTGGVKKPHRYRPGTVALRE,K4unR8unK9unK14acR17unK18me1K23me2R26unK27me2K36me2,1627.1461986017
H3.3,ARTKQTARKSTGGKAPRKQLATKAARKSAPSTGGVKKPHRYRPGTVALRE,K4unR8unK9unK14acR17unK18me2K23me1R26unK27me2K36me2,6553.8494431563
H3.3,ARTKQTARKSTGGKAPRKQLATKAARKSAPSTGGVKKPHRYRPGTVALRE,K4unR8unK9unK14acR17unK18unK23me3R26unK27me3K36me1,1281.3569380161
H3.3,ARTKQTARKSTGGKAPRKQLATKAARKSAPSTGGVKKPHRYRPGTVALRE,K4unR8unK9me3K14unR17unK18unK23acR26unK27me2K36me2,193.7240791285
H3.3,ARTKQTARKSTGGKAPRKQLATKAARKSAPSTGGVKKPHRYRPGTVALRE,K4unR8unK9unK14acR17unK18unK23me3R26me1K27me3K36un,582.3061213724
H3.3,ARTKQTARKSTGGKAPRKQLATKAARKSAPSTGGVKKPHRYRPGTVALRE,K4unR8unK9me1K14acR17unK18unK23me3R26unK27me3K36un,198.2822927551
H3.3,ARTKQTARKSTGGKAPRKQLATKAARKSAPSTGGVKKPHRYRPGTVALRE,K4unR8unK9me3K14acR17unK18unK23unR26unK27me2K36me2,7485.051667238
H3.3,ARTKQTARKSTGGKAPRKQLATKAARKSAPSTGGVKKPHRYRPGTVALRE,K4unR8unK9me2K14acR17unK18unK23me3R26unK27me3K36un,11866.3340365077
H3.3,ARTKQTARKSTGGKAPRKQLATKAARKSAPSTGGVKKPHRYRPGTVALRE,K4unR8unK9unK14acR17unK18acK23acR26unK27unK36me2,41.19400523700193
H3.3,ARTKQTARKSTGGKAPRKQLATKAARKSAPSTGGVKKPHRYRPGTVALRE,K4unR8unK9unK14acR17unK18acK23acR26unK27me2K36un,52.58953930338976
H3.3,ARTKQTARKSTGGKAPRKQLATKAARKSAPSTGGVKKPHRYRPGTVALRE,K4unR8unK9me2K14acR17unK18acK23unR26unK27unK36me3,2254.7056298836
H3.3,ARTKQTARKSTGGKAPRKQLATKAARKSAPSTGGVKKPHRYRPGTVALRE,K4unR8unK9me3K14unR17unK18unK23acR26unK27acK36me2,493.93120344859994
H3.3,ARTKQTARKSTGGKAPRKQLATKAARKSAPSTGGVKKPHRYRPGTVALRE,K4unR8unK9me2K14acR17unK18me1K23me2R26unK27me2K36me2,10272.95490303
H3.3,ARTKQTARKSTGGKAPRKQLATKAARKSAPSTGGVKKPHRYRPGTVALRE,K4unR8unK9me1K14me1R17unK18acK23acR26unK27me2K36me2,5063.7331243479
H3.3,ARTKQTARKSTGGKAPRKQLATKAARKSAPSTGGVKKPHRYRPGTVALRE,K4me1R8unK9me1K14acR17unK18unK23me3R26unK27me2K36me2,5405.9619892153
H3.3,ARTKQTARKSTGGKAPRKQLATKAARKSAPSTGGVKKPHRYRPGTVALRE,K4unR8unK9me2K14acR17unK18acK23me1R26unK27me2K36me2,971.6251882077
H3.3,ARTKQTARKSTGGKAPRKQLATKAARKSAPSTGGVKKPHRYRPGTVALRE,K4unR8unK9unK14acR17unK18acK23acR26unK27me2K36me1,251.6542120093
H3.3,ARTKQTARKSTGGKAPRKQLATKAARKSAPSTGGVKKPHRYRPGTVALRE,K4unR8unK9unK14acR17unK18acK23acR26me1K27unK36me2,383.876423699
H3.3,ARTKQTARKSTGGKAPRKQLATKAARKSAPSTGGVKKPHRYRPGTVALRE,K4unR8unK9unK14acR17unK18acK23acR26me1K27me1K36me1,152.3486524537
H3.3,ARTKQTARKSTGGKAPRKQLATKAARKSAPSTGGVKKPHRYRPGTVALRE,K4unR8unK9unK14acR17unK18acK23me3R26unK27me3K36un,196.8762766116
H3.3,ARTKQTARKSTGGKAPRKQLATKAARKSAPSTGGVKKPHRYRPGTVALRE,K4unR8unK9unK14unR17me2K18acK23acR26unK27me2K36me2,1532.7616955484
H3.3,ARTKQTARKSTGGKAPRKQLATKAARKSAPSTGGVKKPHRYRPGTVALRE,K4unR8unK9unK14acR17unK18acK23acR26unK27me2K36me2,6974.6678071422
H3.3,ARTKQTARKSTGGKAPRKQLATKAARKSAPSTGGVKKPHRYRPGTVALRE,K4unR8unK9acK14acR17unK18acK23unR26unK27me2K36me2,359.4185461058
H3.3,ARTKQTARKSTGGKAPRKQLATKAARKSAPSTGGVKKPHRYRPGTVALRE,K4me1R8unK9acK14acR17unK18unK23unR26me2K27me2K36me2,754.962636028
H3.3,ARTKQTARKSTGGKAPRKQLATKAARKSAPSTGGVKKPHRYRPGTVALRE,K4unR8unK9unK14acR17unK18acK23acR26unK27acK36me2,690.3539264656
H3.3,ARTKQTARKSTGGKAPRKQLATKAARKSAPSTGGVKKPHRYRPGTVALRE,K4unR8unK9me3K14me3R17unK18unK23acR26unK27me2K36me2,657.1311256550999
H3.3,ARTKQTARKSTGGKAPRKQLATKAARKSAPSTGGVKKPHRYRPGTVALRE,K4unR8unK9me1K14acR17unK18acK23acR26unK27me1K36me2,3741.4202967319
H3.3,ARTKQTARKSTGGKAPRKQLATKAARKSAPSTGGVKKPHRYRPGTVALRE,K4unR8unK9me1K14acR17unK18acK23acR26unK27me3K36un,348.7260201112
H3.3,ARTKQTARKSTGGKAPRKQLATKAARKSAPSTGGVKKPHRYRPGTVALRE,K4unR8unK9me3K14acR17unK18acK23unR26unK27me2K36me2,330.6745870428
H3.3,ARTKQTARKSTGGKAPRKQLATKAARKSAPSTGGVKKPHRYRPGTVALRE,K4unR8unK9unK14acR17unK18acK23acR26me2K27unK36me2,459.6538905305
H3.3,ARTKQTARKSTGGKAPRKQLATKAARKSAPSTGGVKKPHRYRPGTVALRE,K4unR8unK9me1K14acR17unK18acK23me2R26unK27me2K36me2,689.7869844722001
H3.3,ARTKQTARKSTGGKAPRKQLATKAARKSAPSTGGVKKPHRYRPGTVALRE,K4unR8unK9unK14acR17unK18acK23acR26unK27me3K36me1,663.7756858172
H3.3,ARTKQTARKSTGGKAPRKQLATKAARKSAPSTGGVKKPHRYRPGTVALRE,K4unR8unK9unK14me2R17unK18acK23acR26me1K27me2K36me2,635.5986687476
H3.3,ARTKQTARKSTGGKAPRKQLATKAARKSAPSTGGVKKPHRYRPGTVALRE,K4unR8unK9me2K14acR17unK18acK23acR26unK27me1K36me2,1358.7105035891
H3.3,ARTKQTARKSTGGKAPRKQLATKAARKSAPSTGGVKKPHRYRPGTVALRE,K4unR8me1K9me1K14acR17unK18acK23acR26unK27me1K36me2,933.5266862544
H3.3,ARTKQTARKSTGGKAPRKQLATKAARKSAPSTGGVKKPHRYRPGTVALRE,K4unR8unK9me1K14acR17unK18acK23acR26unK27me2K36me2,869.0200262507001
H3.3,ARTKQTARKSTGGKAPRKQLATKAARKSAPSTGGVKKPHRYRPGTVALRE,K4unR8me1K9unK14acR17unK18acK23acR26unK27me2K36me2,97.85418805266356
H3.3,ARTKQTARKSTGGKAPRKQLATKAARKSAPSTGGVKKPHRYRPGTVALRE,K4me1R8unK9unK14acR17unK18acK23acR26unK27me2K36me2,224.76982268449999
H3.3,ARTKQTARKSTGGKAPRKQLATKAARKSAPSTGGVKKPHRYRPGTVALRE,K4me1R8unK9me1K14acR17unK18acK23acR26unK27me1K36me2,727.930841785
H3.3,ARTKQTARKSTGGKAPRKQLATKAARKSAPSTGGVKKPHRYRPGTVALRE,K4unR8unK9me2K14acR17unK18acK23me2R26unK27me2K36me2,1068.6062855906
H3.3,ARTKQTARKSTGGKAPRKQLATKAARKSAPSTGGVKKPHRYRPGTVALRE,K4me1R8unK9me1K14acR17unK18acK23acR26me1K27unK36me2,256.8927560279
H3.3,ARTKQTARKSTGGKAPRKQLATKAARKSAPSTGGVKKPHRYRPGTVALRE,K4me1R8unK9me1K14acR17unK18acK23acR26unK27me2K36me2,123.8654867076
H3.3,ARTKQTARKSTGGKAPRKQLATKAARKSAPSTGGVKKPHRYRPGTVALRE,K4unR8unK9me2K14acR17unK18acK23acR26unK27me2K36me2,629.3396291409999
H3.3,ARTKQTARKSTGGKAPRKQLATKAARKSAPSTGGVKKPHRYRPGTVALRE,K4unR8unK9unK14unR17unK18unK23acR26unK27unK36un,73.38497161956414
H3.3,ARTKQTARKSTGGKAPRKQLATKAARKSAPSTGGVKKPHRYRPGTVALRE,K4unR8unK9me2K14unR17unK18unK23unR26unK27me1K36un,504.4423080054
H3.3,ARTKQTARKSTGGKAPRKQLATKAARKSAPSTGGVKKPHRYRPGTVALRE,K4unR8unK9unK14acR17unK18unK23unR26unK27unK36me1,70.93578220828078
H3.3,ARTKQTARKSTGGKAPRKQLATKAARKSAPSTGGVKKPHRYRPGTVALRE,K4unR8unK9unK14unR17unK18me1K23me1R26unK27unK36me2,424.84365213869995
H3.3,ARTKQTARKSTGGKAPRKQLATKAARKSAPSTGGVKKPHRYRPGTVALRE,K4unR8unK9unK14unR17unK18unK23me2R26me1K27me2K36un,3570.4305915368
H3.3,ARTKQTARKSTGGKAPRKQLATKAARKSAPSTGGVKKPHRYRPGTVALRE,K4unR8unK9me1K14unR17me1K18unK23unR26unK27unK36me3,1719.829875675
H3.3,ARTKQTARKSTGGKAPRKQLATKAARKSAPSTGGVKKPHRYRPGTVALRE,K4unR8unK9unK14unR17me2K18unK23unR26me1K27me2K36un,321.7622589073
H3.3,ARTKQTARKSTGGKAPRKQLATKAARKSAPSTGGVKKPHRYRPGTVALRE,K4unR8unK9unK14unR17unK18me1K23me1R26unK27me3K36un,701.409295336
H3.3,ARTKQTARKSTGGKAPRKQLATKAARKSAPSTGGVKKPHRYRPGTVALRE,K4unR8unK9unK14unR17me1K18unK23me1R26unK27me3K36un,310.4687743997
H3.3,ARTKQTARKSTGGKAPRKQLATKAARKSAPSTGGVKKPHRYRPGTVALRE,K4unR8unK9unK14unR17unK18unK23acR26unK27unK36me2,132.4830050066
H3.3,ARTKQTARKSTGGKAPRKQLATKAARKSAPSTGGVKKPHRYRPGTVALRE,K4unR8unK9unK14acR17unK18unK23unR26unK27me1K36me1,54.347059482782896
H3.3,ARTKQTARKSTGGKAPRKQLATKAARKSAPSTGGVKKPHRYRPGTVALRE,K4unR8unK9unK14me2R17unK18unK23unR26me1K27me1K36me1,970.6387091391999
H3.3,ARTKQTARKSTGGKAPRKQLATKAARKSAPSTGGVKKPHRYRPGTVALRE,K4unR8unK9unK14me2R17unK18unK23unR26unK27unK36me3,1006.2426663217999
H3.3,ARTKQTARKSTGGKAPRKQLATKAARKSAPSTGGVKKPHRYRPGTVALRE,K4unR8unK9unK14me3R17unK18unK23unR26unK27unK36me2,980.3447560653999
H3.3,ARTKQTARKSTGGKAPRKQLATKAARKSAPSTGGVKKPHRYRPGTVALRE,K4unR8unK9me2K14unR17unK18unK23acR26unK27unK36un,1503.6889101293
H3.3,ARTKQTARKSTGGKAPRKQLATKAARKSAPSTGGVKKPHRYRPGTVALRE,K4unR8unK9unK14unR17unK18unK23unR26me2K27unK36me3,528.6734088013
H3.3,ARTKQTARKSTGGKAPRKQLATKAARKSAPSTGGVKKPHRYRPGTVALRE,K4unR8unK9unK14unR17me2K18unK23unR26me1K27me1K36me1,67.80626240497428
H3.3,ARTKQTARKSTGGKAPRKQLATKAARKSAPSTGGVKKPHRYRPGTVALRE,K4unR8unK9me1K14unR17me1K18unK23me3R26unK27unK36un,424.68490838049996
H3.3,ARTKQTARKSTGGKAPRKQLATKAARKSAPSTGGVKKPHRYRPGTVALRE,K4unR8unK9me1K14me1R17unK18unK23me3R26unK27unK36un,721.705818698
H3.3,ARTKQTARKSTGGKAPRKQLATKAARKSAPSTGGVKKPHRYRPGTVALRE,K4unR8unK9unK14unR17unK18unK23unR26me1K27me1K36me3,960.8079349745
H3.3,ARTKQTARKSTGGKAPRKQLATKAARKSAPSTGGVKKPHRYRPGTVALRE,K4unR8unK9unK14me1R17unK18me1K23unR26me1K27unK36me2,336.3666846561
H3.3,ARTKQTARKSTGGKAPRKQLATKAARKSAPSTGGVKKPHRYRPGTVALRE,K4unR8unK9unK14me3R17unK18unK23unR26unK27me1K36me2,83.14771274509638
H3.3,ARTKQTARKSTGGKAPRKQLATKAARKSAPSTGGVKKPHRYRPGTVALRE,K4unR8unK9unK14acR17unK18unK23unR26me1K27unK36me2,39.73129489415216
H3.3,ARTKQTARKSTGGKAPRKQLATKAARKSAPSTGGVKKPHRYRPGTVALRE,K4unR8unK9unK14unR17unK18unK23me3R26unK27me3K36un,277.438733867
H3.3,ARTKQTARKSTGGKAPRKQLATKAARKSAPSTGGVKKPHRYRPGTVALRE,K4unR8unK9unK14acR17unK18unK23unR26unK27unK36me3,106.8118715476
H3.3,ARTKQTARKSTGGKAPRKQLATKAARKSAPSTGGVKKPHRYRPGTVALRE,K4unR8unK9unK14unR17unK18acK23unR26me1K27me2K36un,62.81717286347116
H3.3,ARTKQTARKSTGGKAPRKQLATKAARKSAPSTGGVKKPHRYRPGTVALRE,K4unR8unK9me2K14unR17unK18me1K23unR26unK27me3K36un,159.67354300780002
H3.3,ARTKQTARKSTGGKAPRKQLATKAARKSAPSTGGVKKPHRYRPGTVALRE,K4unR8unK9unK14unR17unK18me1K23acR26unK27me1K36me2,119.1485293229
H3.3,ARTKQTARKSTGGKAPRKQLATKAARKSAPSTGGVKKPHRYRPGTVALRE,K4unR8unK9unK14unR17unK18unK23me3R26unK27me2K36me2,254.76105413289997
H3.3,ARTKQTARKSTGGKAPRKQLATKAARKSAPSTGGVKKPHRYRPGTVALRE,K4unR8unK9unK14unR17unK18me1K23me2R26unK27me2K36me2,119.7948431954
H3.3,ARTKQTARKSTGGKAPRKQLATKAARKSAPSTGGVKKPHRYRPGTVALRE,K4unR8unK9unK14unR17unK18unK23me3R26unK27me3K36me1,75.02910340028676
H3.3,ARTKQTARKSTGGKAPRKQLATKAARKSAPSTGGVKKPHRYRPGTVALRE,K4unR8unK9unK14unR17unK18acK23me1R26unK27me3K36un,242.37904099809998
H3.3,ARTKQTARKSTGGKAPRKQLATKAARKSAPSTGGVKKPHRYRPGTVALRE,K4unR8me1K9me1K14unR17me1K18unK23unR26unK27me2K36me2,2138.5392154457
H3.3,ARTKQTARKSTGGKAPRKQLATKAARKSAPSTGGVKKPHRYRPGTVALRE,K4unR8unK9me1K14acR17unK18me1K23unR26unK27unK36me2,629.7364885363
H3.3,ARTKQTARKSTGGKAPRKQLATKAARKSAPSTGGVKKPHRYRPGTVALRE,K4unR8unK9me3K14unR17unK18unK23unR26unK27acK36me1,193.8941617265
H3.3,ARTKQTARKSTGGKAPRKQLATKAARKSAPSTGGVKKPHRYRPGTVALRE,K4unR8unK9me1K14me1R17unK18unK23unR26unK27me3K36me2,1089.4470732662
H3.3,ARTKQTARKSTGGKAPRKQLATKAARKSAPSTGGVKKPHRYRPGTVALRE,K4unR8unK9me1K14me1R17unK18unK23unR26me1K27me2K36me2,430.13889035660003
H3.3,ARTKQTARKSTGGKAPRKQLATKAARKSAPSTGGVKKPHRYRPGTVALRE,K4unR8unK9unK14acR17unK18unK23me3R26unK27me2K36un,794.6485755627001
H3.3,ARTKQTARKSTGGKAPRKQLATKAARKSAPSTGGVKKPHRYRPGTVALRE,K4unR8unK9me1K14unR17unK18acK23unR26unK27me2K36me2,222.88757526659998
H3.3,ARTKQTARKSTGGKAPRKQLATKAARKSAPSTGGVKKPHRYRPGTVALRE,K4unR8unK9me1K14me1R17unK18acK23unR26unK27unK36me3,1958.0362236021
H3.3,ARTKQTARKSTGGKAPRKQLATKAARKSAPSTGGVKKPHRYRPGTVALRE,K4unR8unK9me2K14unR17unK18acK23unR26unK27unK36me3,719.3586788455
H3.3,ARTKQTARKSTGGKAPRKQLATKAARKSAPSTGGVKKPHRYRPGTVALRE,K4unR8unK9me1K14acR17unK18me1K23unR26unK27me3K36un,400.5218406238
H3.3,ARTKQTARKSTGGKAPRKQLATKAARKSAPSTGGVKKPHRYRPGTVALRE,K4unR8unK9me2K14unR17unK18unK23me3R26unK27me3K36un,156.5780397241
H3.3,ARTKQTARKSTGGKAPRKQLATKAARKSAPSTGGVKKPHRYRPGTVALRE,K4unR8unK9unK14unR17unK18acK23acR26unK27unK36me2,75.7888056713793
H3.3,ARTKQTARKSTGGKAPRKQLATKAARKSAPSTGGVKKPHRYRPGTVALRE,K4unR8unK9unK14unR17unK18unK23acR26unK27me2K36me3,101.9475092446
H3.3,ARTKQTARKSTGGKAPRKQLATKAARKSAPSTGGVKKPHRYRPGTVALRE,K4unR8me1K9unK14acR17unK18unK23unR26unK27me2K36me2,574.3689334655
H3.3,ARTKQTARKSTGGKAPRKQLATKAARKSAPSTGGVKKPHRYRPGTVALRE,K4unR8unK9me1K14me1R17unK18unK23acR26unK27unK36me3,61.411156719956644
H3.3,ARTKQTARKSTGGKAPRKQLATKAARKSAPSTGGVKKPHRYRPGTVALRE,K4unR8unK9unK14acR17unK18unK23me3R26unK27me3K36un,2027.7927664642
H3.3,ARTKQTARKSTGGKAPRKQLATKAARKSAPSTGGVKKPHRYRPGTVALRE,K4unR8unK9me1K14me1R17unK18acK23unR26unK27me2K36me2,1107.3511014163
H3.3,ARTKQTARKSTGGKAPRKQLATKAARKSAPSTGGVKKPHRYRPGTVALRE,K4me1R8unK9me1K14acR17unK18unK23unR26unK27me2K36me2,1728.5834600524
H3.3,ARTKQTARKSTGGKAPRKQLATKAARKSAPSTGGVKKPHRYRPGTVALRE,K4unR8unK9unK14acR17unK18acK23unR26me2K27me2K36un,518.3097091628
H3.3,ARTKQTARKSTGGKAPRKQLATKAARKSAPSTGGVKKPHRYRPGTVALRE,K4unR8unK9unK14acR17unK18me2K23me2R26me1K27me2K36un,1681.1530928885
H3.3,ARTKQTARKSTGGKAPRKQLATKAARKSAPSTGGVKKPHRYRPGTVALRE,K4unR8unK9acK14unR17unK18unK23me3R26unK27me2K36me2,572.9515784821
H3.3,ARTKQTARKSTGGKAPRKQLATKAARKSAPSTGGVKKPHRYRPGTVALRE,K4unR8unK9unK14unR17unK18acK23acR26me2K27unK36me2,1990.6353882198002
H3.3,ARTKQTARKSTGGKAPRKQLATKAARKSAPSTGGVKKPHRYRPGTVALRE,K4unR8unK9unK14acR17unK18me2K23me2R26unK27me3K36un,2225.3607123077
H3.3,ARTKQTARKSTGGKAPRKQLATKAARKSAPSTGGVKKPHRYRPGTVALRE,K4unR8unK9unK14acR17unK18acK23unR26me1K27me3K36un,491.0397992825
H3.3,ARTKQTARKSTGGKAPRKQLATKAARKSAPSTGGVKKPHRYRPGTVALRE,K4unR8unK9me1K14acR17unK18me1K23me1R26unK27me2K36me2,3660.3249140028
H3.3,ARTKQTARKSTGGKAPRKQLATKAARKSAPSTGGVKKPHRYRPGTVALRE,K4unR8unK9me1K14me1R17unK18acK23acR26unK27unK36me2,2675.4672996702
H3.3,ARTKQTARKSTGGKAPRKQLATKAARKSAPSTGGVKKPHRYRPGTVALRE,K4unR8unK9unK14me1R17unK18acK23acR26unK27me1K36me2,2554.4251840894
H3.3,ARTKQTARKSTGGKAPRKQLATKAARKSAPSTGGVKKPHRYRPGTVALRE,K4unR8unK9me1K14acR17unK18unK23me2R26unK27me2K36me2,1692.3898831966999
H3.3,ARTKQTARKSTGGKAPRKQLATKAARKSAPSTGGVKKPHRYRPGTVALRE,K4unR8unK9me3K14unR17unK18unK23me2R26me1K27me2K36me2,131.0996665428
H3.3,ARTKQTARKSTGGKAPRKQLATKAARKSAPSTGGVKKPHRYRPGTVALRE,K4unR8unK9me2K14acR17unK18me2K23me1R26unK27me1K36me2,1203.9920336031998
H3.3,ARTKQTARKSTGGKAPRKQLATKAARKSAPSTGGVKKPHRYRPGTVALRE,K4unR8unK9me2K14acR17unK18acK23unR26unK27me3K36un,3193.4255047971997
H3.3,ARTKQTARKSTGGKAPRKQLATKAARKSAPSTGGVKKPHRYRPGTVALRE,K4unR8unK9me2K14unR17unK18acK23acR26unK27me3K36un,3727.6776228131002
H3.3,ARTKQTARKSTGGKAPRKQLATKAARKSAPSTGGVKKPHRYRPGTVALRE,K4unR8unK9me1K14acR17unK18me1K23me2R26unK27me2K36me2,8982.6516203587
H3.3,ARTKQTARKSTGGKAPRKQLATKAARKSAPSTGGVKKPHRYRPGTVALRE,K4unR8unK9me1K14unR17unK18acK23acR26unK27me2K36me2,1633.008378813
H3.3,ARTKQTARKSTGGKAPRKQLATKAARKSAPSTGGVKKPHRYRPGTVALRE,K4unR8unK9unK14acR17unK18acK23me3R26unK27me2K36un,153.7886851168
H3.3,ARTKQTARKSTGGKAPRKQLATKAARKSAPSTGGVKKPHRYRPGTVALRE,K4unR8unK9me1K14acR17unK18me1K23me3R26unK27me3K36un,2213.0920875714996
H3.3,ARTKQTARKSTGGKAPRKQLATKAARKSAPSTGGVKKPHRYRPGTVALRE,K4unR8unK9me3K14me3R17unK18unK23unR26me1K27me2K36me2,131.7006250558
H3.3,ARTKQTARKSTGGKAPRKQLATKAARKSAPSTGGVKKPHRYRPGTVALRE,K4unR8unK9acK14acR17unK18unK23unR26unK27me3K36me2,160.3992287593
H3.3,ARTKQTARKSTGGKAPRKQLATKAARKSAPSTGGVKKPHRYRPGTVALRE,K4unR8unK9unK14acR17unK18acK23acR26unK27unK36me3,146.2483566052
H3.3,ARTKQTARKSTGGKAPRKQLATKAARKSAPSTGGVKKPHRYRPGTVALRE,K4unR8unK9me1K14acR17unK18acK23acR26unK27unK36me2,293.90272935400003
H3.3,ARTKQTARKSTGGKAPRKQLATKAARKSAPSTGGVKKPHRYRPGTVALRE,K4unR8unK9unK14acR17unK18acK23acR26unK27me1K36me2,766.6756576107
H3.3,ARTKQTARKSTGGKAPRKQLATKAARKSAPSTGGVKKPHRYRPGTVALRE,K4unR8unK9unK14acR17unK18acK23acR26unK27me3K36un,167.82616887220001
H3.3,ARTKQTARKSTGGKAPRKQLATKAARKSAPSTGGVKKPHRYRPGTVALRE,K4unR8unK9unK14me2R17unK18acK23acR26unK27me2K36me2,1197.0073082451
H3.3,ARTKQTARKSTGGKAPRKQLATKAARKSAPSTGGVKKPHRYRPGTVALRE,K4me1R8unK9me1K14unR17unK18acK23acR26unK27me3K36me2,1022.343818933
H3.3,ARTKQTARKSTGGKAPRKQLATKAARKSAPSTGGVKKPHRYRPGTVALRE,K4unR8unK9unK14acR17unK18acK23acR26me1K27me2K36un,126.89295695210001
H3.3,ARTKQTARKSTGGKAPRKQLATKAARKSAPSTGGVKKPHRYRPGTVALRE,K4unR8unK9me1K14acR17unK18acK23acR26unK27me2K36un,128.14022933750002
H3.3,ARTKQTARKSTGGKAPRKQLATKAARKSAPSTGGVKKPHRYRPGTVALRE,K4unR8me1K9unK14acR17me1K18acK23acR26unK27unK36me2,705.8767982436001
H3.3,ARTKQTARKSTGGKAPRKQLATKAARKSAPSTGGVKKPHRYRPGTVALRE,K4unR8unK9unK14acR17unK18acK23me3R26unK27me2K36me2,581.3083034640999
H3.3,ARTKQTARKSTGGKAPRKQLATKAARKSAPSTGGVKKPHRYRPGTVALRE,K4unR8unK9unK14acR17me1K18acK23me2R26unK27me2K36me2,42.77010397852224
H3.3,ARTKQTARKSTGGKAPRKQLATKAARKSAPSTGGVKKPHRYRPGTVALRE,K4unR8unK9acK14acR17unK18unK23me3R26unK27me2K36me2,266.9162904704
H3.3,ARTKQTARKSTGGKAPRKQLATKAARKSAPSTGGVKKPHRYRPGTVALRE,K4unR8unK9me2K14acR17unK18acK23acR26unK27me1K36me3,41.26203827620425
H3.3,ARTKQTARKSTGGKAPRKQLATKAARKSAPSTGGVKKPHRYRPGTVALRE,K4me1R8unK9me1K14acR17unK18acK23acR26unK27acK36me2,80.80057289261653
H3.3,ARTKQTARKSTGGKAPRKQLATKAARKSAPSTGGVKKPHRYRPGTVALRE,K4me1R8unK9me2K14acR17unK18acK23acR26unK27me2K36me2,71.77485635844268
